FacilityID,FacilityName,ReportPeriod,VOCs,UnitsOfVOCs,TSP,UnitsOfTSP,SOx,UnitsOfSOx,NOx,UnitsOfNOx,Status
Z6600019,台灣電力股份有限公司馬祖區營業處-東引電廠,2014年第4季,,公噸,0.815,公噸,,公噸,,公噸,申報補件
Z6503042,台灣電力股份有限公司馬祖區營業處-西莒電廠,2014年第4季,,公噸,0.362,公噸,,公噸,,公噸,申報補件
V75A7842,宏騰砂石有限公司,2014年第4季,,公噸,1.588,公噸,,公噸,,公噸,完成年申報審查
T42A5011,里一實業有限公司屏東堆置場,2014年第4季,,公噸,0.103,公噸,,公噸,,公噸,完成補件
T42A3005,里一實業有限公司,2014年第4季,,公噸,1.667,公噸,,公噸,,公噸,完成補件
S3401096,螢建有限公司,2014年第4季,,公噸,0.242,公噸,,公噸,,公噸,完成年申報審查
S3004695,將嘉實業有限公司,2014年第4季,,公噸,1.883,公噸,,公噸,,公噸,完成年申報審查
S3004131,古板企業有限公司,2014年第4季,,公噸,3.912,公噸,,公噸,,公噸,完成年申報審查
S3001309,環球水泥股份有限公司-湖內堆置場,2014年第4季,,公噸,0.694,公噸,,公噸,,公噸,完成年申報審查
S2907633,國峰生物科技股份有限公司,2014年第4季,,公噸,0.031,公噸,,公噸,,公噸,完成年申報審查
S26A0822,京福工程有限公司,2014年第4季,,公噸,1.4,公噸,,公噸,,公噸,完成年申報審查
S2603390,鼎泰水泥股份有限公司,2014年第4季,,公噸,0.493,公噸,,公噸,,公噸,完成年申報審查
S2601421,福泰興實業有限公司,2014年第4季,,公噸,1.533,公噸,,公噸,,公噸,完成年申報審查
S2601350,泰成粉廠股份有限公司,2014年第4季,,公噸,3.397,公噸,,公噸,,公噸,完成年申報審查
S2601234,東遠股份有限公司燕巢廠,2014年第4季,,公噸,2.305,公噸,,公噸,,公噸,完成年申報審查
S2601216,今泰企業股份有限公司,2014年第4季,,公噸,0,公噸,,公噸,,公噸,完成年申報審查
S2500205,福壽實業股份有限公司高雄廠,2014年第4季,,公噸,14.514,公噸,,公噸,,公噸,完成年申報審查
S24A0872,介慶企業股份有限公司鳥松廠,2014年第4季,,公噸,0,公噸,,公噸,,公噸,完成年申報審查
S23A0144,竑榮實業股份有限公司高雄廠(與管編S23A0123為重覆相同之廠名),2014年第4季,,公噸,1.028,公噸,,公噸,,公噸,完成年申報審查
S22A0901,大眾興業股份有限公司仁武廠,2014年第4季,,公噸,2.748,公噸,,公噸,,公噸,完成年申報審查
S22A0773,億炬實業有限公司仁武廠,2014年第4季,,公噸,2.823,公噸,,公噸,,公噸,完成年申報審查
S2213912,光彌實業股份有限公司,2014年第4季,,公噸,0.917,公噸,,公噸,,公噸,完成年申報審查
S2213681,喬宏興業股份有限公司綠洲土石方資源堆置場,2014年第4季,,公噸,1.454,公噸,,公噸,,公噸,完成年申報審查
S2213510,新世紀環保服務股份有限公司,2014年第4季,,公噸,4.019,公噸,,公噸,,公噸,完成年申報審查
S2212095,光舜興業股份有限公司,2014年第4季,,公噸,0.527,公噸,,公噸,,公噸,完成年申報審查
S2202606,超群混凝土工業股份有限公司,2014年第4季,,公噸,0.625,公噸,,公噸,,公噸,完成年申報審查
S2100992,基成砂石行,2014年第4季,,公噸,0,公噸,,公噸,,公噸,完成年申報審查
S2100072,合吉磚廠股份有限公司,2014年第4季,,公噸,2.435,公噸,,公噸,,公噸,完成年申報審查
S20A4101,地勇選礦股份有限公司萬大廠,2014年第4季,,公噸,0.226,公噸,,公噸,,公噸,完成年申報審查
S20A3420,天山資材股份有限公司,2014年第4季,,公噸,3.227,公噸,,公噸,,公噸,完成年申報審查
S20A3331,地勇選礦股份有限公司大發四廠,2014年第4季,,公噸,1.082,公噸,,公噸,,公噸,完成年申報審查
S20A1979,地勇選礦股份有限公司大發三廠,2014年第4季,,公噸,0,公噸,,公噸,,公噸,完成年申報審查
S20A1731,榮順混凝土有限公司,2014年第4季,,公噸,1.467,公噸,,公噸,,公噸,完成年申報審查
S2090099,凱景實業股份有限公司鳳屏廠,2014年第4季,,公噸,0.091,公噸,,公噸,,公噸,完成年申報審查
S2011829,地勇選礦股份有限公司大發二廠,2014年第4季,,公噸,0.071,公噸,,公噸,,公噸,完成年申報審查
S2011196,永豐建材股份有限公司,2014年第4季,,公噸,9.719,公噸,,公噸,,公噸,完成年申報審查
S2005956,地勇選礦股份有限公司大發廠,2014年第4季,,公噸,0,公噸,,公噸,,公噸,完成年申報審查
S2005803,太爺企業股份有限公司大發廠,2014年第4季,,公噸,1.188,公噸,,公噸,,公噸,完成年申報審查
S2004557,永安建材股份有限公司,2014年第4季,,公噸,2.304,公噸,,公噸,,公噸,完成年申報審查
S2003103,石安水泥製品實業股份有限公司,2014年第4季,,公噸,1.356,公噸,,公噸,,公噸,完成年申報審查
S2002151,立竑預拌股份有限公司,2014年第4季,,公噸,2.991,公噸,,公噸,,公噸,完成年申報審查
S1807321,石安水泥製品實業股份有限公司美濃廠,2014年第4季,,公噸,0.433,公噸,,公噸,,公噸,完成年申報審查
S1807189,艾鎂企業股份有限公司-高雄廠,2014年第4季,,公噸,2.904,公噸,,公噸,,公噸,完成年申報審查
S1807161,石裕砂石行,2014年第4季,,公噸,67.53,公噸,,公噸,,公噸,完成年申報審查
S1803252,威勳企業股份有限公司美濃廠,2014年第4季,,公噸,1.728,公噸,,公噸,,公噸,完成年申報審查
S1802764,榮工實業股份有限公司,2014年第4季,,公噸,0,公噸,,公噸,,公噸,完成年申報審查
S1701904,祥裕砂石股份有限公司,2014年第4季,,公噸,21.781,公噸,,公噸,,公噸,完成年申報審查
S1603752,聯銘橡膠工業股份有限公司,2014年第4季,,公噸,0.006,公噸,,公噸,,公噸,完成年申報審查
S1602700,嘉華盛科技股份有限公司,2014年第4季,,公噸,0.164,公噸,,公噸,,公噸,完成年申報審查
S1503220,中美水泥製品股份有限公司,2014年第4季,,公噸,2.076,公噸,,公噸,,公噸,完成年申報審查
Q8103026,掌石企業股份有限公司番路廠,2014年第4季,,公噸,0.44,公噸,,公噸,,公噸,完成補件
Q7800099,泉豐碎石廠股份有限公司,2014年第4季,,公噸,1.843,公噸,,公噸,,公噸,完成補件
P6304148,英棟環保工程有限公司,2014年第4季,,公噸,0.349,公噸,,公噸,,公噸,完成年申報審查
P6004278,益邦企業社,2014年第4季,,公噸,0.816,公噸,,公噸,,公噸,完成年申報審查
P5802403,寓源機械開發有限公司,2014年第4季,,公噸,5.489,公噸,,公噸,,公噸,完成年申報審查
P5802163,禾暉水泥實業有限公司,2014年第4季,,公噸,0,公噸,,公噸,,公噸,完成年申報審查
P55A0048,安石砂石有限公司,2014年第4季,,公噸,3.163,公噸,,公噸,,公噸,完成年申報審查
P5503192,溫河砂石有限公司,2014年第4季,,公噸,0.21,公噸,,公噸,,公噸,完成年申報審查
P5001317,國地水泥工業股份有限公司,2014年第4季,,公噸,2.607,公噸,,公噸,,公噸,完成年申報審查
P4805213,朝興企業行,2014年第4季,,公噸,1.704,公噸,,公噸,,公噸,完成年申報審查
P46A6869,申詠砂石行,2014年第4季,,公噸,3.047,公噸,,公噸,,公噸,完成年申報審查
P46A3865,合利發土資科技有限公司,2014年第4季,,公噸,0.364,公噸,,公噸,,公噸,完成年申報審查
N2900810,合作混凝土股份有限公司,2014年第4季,,公噸,1.45,公噸,,公噸,,公噸,完成補件
M38A0089,台桐企業有限公司,2014年第4季,,公噸,0,公噸,,公噸,,公噸,申報補件
M3803264,興威股份有限公司名間廠,2014年第4季,,公噸,1.219,公噸,,公噸,,公噸,完成年申報審查
M3800923,興威股份有限公司南投廠,2014年第4季,,公噸,0.583,公噸,,公噸,,公噸,申報補件
M36A1106,勝輝土資工程有限公司,2014年第4季,,公噸,1.7,公噸,,公噸,,公噸,申報補件
M3504784,源和興有限公司草屯廠,2014年第4季,,公噸,0.063,公噸,,公噸,,公噸,完成補件
M3501014,昇運砂石股份有限公司,2014年第4季,,公噸,10.962,公噸,,公噸,,公噸,完成補件
L9995124,聚豐砂石企業股份有限公司,2014年第4季,,公噸,5.695,公噸,,公噸,,公噸,完成年申報審查
L9900036,民峰實業股份有限公司大安一廠,2014年第4季,,公噸,1.776,公噸,,公噸,,公噸,完成年申報審查
L9803756,全泰砂石股份有限公司外埔廠,2014年第4季,,公噸,4.355,公噸,,公噸,,公噸,完成年申報審查
L9703055,增泰砂石股份有限公司石岡廠,2014年第4季,,公噸,2.717,公噸,,公噸,,公噸,完成年申報審查
L9700143,信昌砂石行,2014年第4季,,公噸,11.653,公噸,,公噸,,公噸,完成年申報審查
L9700107,廣達混凝土股份有限公司石岡廠,2014年第4季,,公噸,2.823,公噸,,公噸,,公噸,完成年申報審查
L9505684,天台砂石股份有限公司,2014年第4季,,公噸,1.832,公噸,,公噸,,公噸,完成年申報審查
L9505595,廣獲企業有限公司,2014年第4季,,公噸,7.325,公噸,,公噸,,公噸,完成年申報審查
L9502263,民峰實業股份有限公司大雅預拌混凝土廠,2014年第4季,,公噸,2.036,公噸,,公噸,,公噸,完成年申報審查
L9307053,夆孟企業有限公司,2014年第4季,,公噸,1.577,公噸,,公噸,,公噸,完成年申報審查
L9303108,臺中市豐洲堤防公有土石方資源堆置處理場,2014年第4季,,公噸,2.419,公噸,,公噸,,公噸,完成年申報審查
L9303064,財石砂石有限公司,2014年第4季,,公噸,2.13,公噸,,公噸,,公噸,完成年申報審查
L9301702,伸太田工業股份有限公司,2014年第4季,,公噸,6.526,公噸,,公噸,,公噸,完成年申報審查
L9205009,瑞光砂石有限公司后里廠,2014年第4季,,公噸,0,公噸,,公噸,,公噸,完成年申報審查
L9201083,利吉砂石場,2014年第4季,,公噸,1.081,公噸,,公噸,,公噸,完成年申報審查
L9200979,麗美砂石企業有限公司,2014年第4季,,公噸,0,公噸,,公噸,,公噸,完成年申報審查
L91A2348,大聖交通股份有限公司,2014年第4季,,公噸,2.695,公噸,,公噸,,公噸,完成年申報審查
L91A2041,大邦交通有限公司,2014年第4季,,公噸,2.894,公噸,,公噸,,公噸,完成年申報審查
L91A1548,德隆倉儲裝卸股份有限公司(第二臨時堆置場),2014年第4季,,公噸,0.208,公噸,,公噸,,公噸,完成年申報審查
L91A1271,德隆倉儲裝卸股份有限公司(第一臨時堆置場),2014年第4季,,公噸,0.867,公噸,,公噸,,公噸,完成年申報審查
L91A0887,業信企業股份有限公司(臨時堆置廠),2014年第4季,,公噸,3.899,公噸,,公噸,,公噸,完成年申報審查
L9104132,昇佑企業有限公司,2014年第4季,,公噸,1.612,公噸,,公噸,,公噸,完成年申報審查
L9102209,大信砂石股份有限公司臨時堆置場,2014年第4季,,公噸,15.982,公噸,,公噸,,公噸,完成年申報審查
L9102138,盛記企業股份有限公司,2014年第4季,,公噸,0.4,公噸,,公噸,,公噸,完成年申報審查
L9101766,民峰實業股份有限公司梧棲預拌混凝土廠,2014年第4季,,公噸,3.419,公噸,,公噸,,公噸,完成年申報審查
L8904165,泰田實業股份有限公司一廠,2014年第4季,,公噸,16.508,公噸,,公噸,,公噸,完成年申報審查
L8901744,大信砂石股份有限公司,2014年第4季,,公噸,23.98,公噸,,公噸,,公噸,完成年申報審查
L8900210,洽發企業股份有限公司,2014年第4季,,公噸,0.522,公噸,,公噸,,公噸,完成年申報審查
L88A0195,大谷土石方資源堆置場,2014年第4季,,公噸,0,公噸,,公噸,,公噸,完成年申報審查
L8807018,志昆實業有限公司,2014年第4季,,公噸,0,公噸,,公噸,,公噸,完成年申報審查
L8803074,大丰砂石股份有限公司大安廠,2014年第4季,,公噸,0,公噸,,公噸,,公噸,完成年申報審查
L8802693,六磊實業股份有限公司一廠,2014年第4季,,公噸,3.095,公噸,,公噸,,公噸,完成年申報審查
L0695016,營量企業有限公司,2014年第4季,,公噸,1.199,公噸,,公噸,,公噸,完成年申報審查
L0600106,萬中砂石行,2014年第4季,,公噸,0.293,公噸,,公噸,,公噸,完成年申報審查
L0506863,英銓實業有限公司大里廠,2014年第4季,,公噸,10.672,公噸,,公噸,,公噸,完成年申報審查
L0501797,中來工業股份有限公司,2014年第4季,,公噸,10.209,公噸,,公噸,,公噸,完成年申報審查
L0500585,巨力混凝土工業股份有限公司大里廠,2014年第4季,,公噸,8.493,公噸,,公噸,,公噸,完成年申報審查
L04A0757,承鼎源砂石業股份有限公司,2014年第4季,,公噸,1.902,公噸,,公噸,,公噸,完成年申報審查
L0408559,良全預拌混凝土股份有限公司,2014年第4季,,公噸,7.473,公噸,,公噸,,公噸,完成年申報審查
L0403296,伸健盛企業股份有限公司太平廠,2014年第4季,,公噸,0.666,公噸,,公噸,,公噸,完成年申報審查
L0402271,興威股份有限公司太平廠,2014年第4季,,公噸,4.694,公噸,,公噸,,公噸,完成年申報審查
L03A0386,安信展業有限公司,2014年第4季,,公噸,13.685,公噸,,公噸,,公噸,完成年申報審查
L0308045,誌建企業股份有限公司,2014年第4季,,公噸,3.356,公噸,,公噸,,公噸,完成年申報審查
L02A2862,紘碁實業有限公司,2014年第4季,,公噸,0,公噸,,公噸,,公噸,完成年申報審查
L02A1458,中聯資源股份有限公司南堤廠,2014年第4季,,公噸,10.877,公噸,,公噸,,公噸,完成年申報審查
L0205745,業信企業股份有限公司,2014年第4季,,公噸,0.971,公噸,,公噸,,公噸,完成年申報審查
L0205236,立勝土石方資源堆置處理場,2014年第4季,,公噸,0.661,公噸,,公噸,,公噸,完成年申報審查
L0205147,大盛環保股份有限公司,2014年第4季,,公噸,2.129,公噸,,公噸,,公噸,完成年申報審查
L0200464,台灣電力股份有限公司台中發電廠﹝麗水場區貯煤場﹞,2014年第4季,,公噸,12.76,公噸,,公噸,,公噸,完成年申報審查
L0200357,廣泰展業有限公司,2014年第4季,,公噸,0.311,公噸,,公噸,,公噸,完成年申報審查
L01A0356,錢宏興業有限公司大肚廠,2014年第4季,,公噸,8.223,公噸,,公噸,,公噸,完成年申報審查
L0100254,台灣水泥股份有限公司台中水泥製品廠大肚分廠,2014年第4季,,公噸,4.783,公噸,,公噸,,公噸,完成年申報審查
L00A2050,己力企業有限公司,2014年第4季,,公噸,2.492,公噸,,公噸,,公噸,完成年申報審查
L00A1983,益郁實業有限公司,2014年第4季,,公噸,1.068,公噸,,公噸,,公噸,完成年申報審查
L00A1943,威晨有限公司,2014年第4季,,公噸,3.195,公噸,,公噸,,公噸,完成年申報審查
L00A0222,溪尾科技股份有限公司,2014年第4季,,公噸,2.978,公噸,,公噸,,公噸,完成年申報審查
L0054435,台崧混凝土有限公司分廠,2014年第4季,,公噸,6.038,公噸,,公噸,,公噸,完成年申報審查
L0054239,中港砂石企業股份有限公司,2014年第4季,,公噸,15,公噸,,公噸,,公噸,完成年申報審查
L0000204,東陽穀物股份有限公司,2014年第4季,,公噸,14.276,公噸,,公噸,,公噸,完成年申報審查
L0000053,環球混凝土工業股份有限公司,2014年第4季,,公噸,2.547,公噸,,公噸,,公噸,完成年申報審查
K8400062,晶發砂石股份有限公司,2014年第4季,,公噸,0.965,公噸,,公噸,,公噸,完成年申報審查
K8303120,幸福有限公司,2014年第4季,,公噸,0.611,公噸,,公噸,,公噸,完成年申報審查
K8300192,嘉德混凝土股份有限公司,2014年第4季,,公噸,1.96,公噸,,公噸,,公噸,完成年申報審查
K8300110,建通砂石廠,2014年第4季,,公噸,0,公噸,,公噸,,公噸,完成年申報審查
K8201167,平順混凝土股份有限公司,2014年第4季,,公噸,3.668,公噸,,公噸,,公噸,完成年申報審查
K8195075,長信環保工程有限公司一廠,2014年第4季,,公噸,2.58,公噸,,公噸,,公噸,完成年申報審查
K8003287,鍵凡企業有限公司,2014年第4季,,公噸,1.175,公噸,,公噸,,公噸,完成年申報審查
K8000642,誠信砂石股份有限公司,2014年第4季,,公噸,3.521,公噸,,公噸,,公噸,完成年申報審查
K8000508,甲騰企業有限公司,2014年第4季,,公噸,7.878,公噸,,公噸,,公噸,完成年申報審查
K8000400,立益工業股份有限公司,2014年第4季,,公噸,1.739,公噸,,公噸,,公噸,完成年申報審查
K8000357,中埔混凝土股份有限公司,2014年第4季,,公噸,0,公噸,,公噸,,公噸,完成年申報審查
K7800175,運金砂石股份有限公司,2014年第4季,,公噸,0,公噸,,公噸,,公噸,完成年申報審查
K7705684,佳生企業有限公司,2014年第4季,,公噸,2.132,公噸,,公噸,,公噸,完成年申報審查
K7704990,恒笙土資場,2014年第4季,,公噸,2.676,公噸,,公噸,,公噸,完成年申報審查
K7704963,上安砂石有限公司,2014年第4季,,公噸,0.035,公噸,,公噸,,公噸,完成年申報審查
K7704936,富佑土資場有限公司,2014年第4季,,公噸,1.789,公噸,,公噸,,公噸,完成年申報審查
K7704927,福宏土資場股份有限公司,2014年第4季,,公噸,1.019,公噸,,公噸,,公噸,完成年申報審查
K7701202,國順預拌混凝土股份有限公司苗栗廠,2014年第4季,,公噸,1.309,公噸,,公噸,,公噸,完成年申報審查
K7700830,福宏實業股份有限公司,2014年第4季,,公噸,1.769,公噸,,公噸,,公噸,完成年申報審查
K7700741,振翔股份有限公司,2014年第4季,,公噸,2.778,公噸,,公噸,,公噸,完成年申報審查
K7700732,源昌砂石股份有限公司,2014年第4季,,公噸,1.998,公噸,,公噸,,公噸,完成年申報審查
K7700723,國翔砂石工業股份有限公司,2014年第4季,,公噸,1.844,公噸,,公噸,,公噸,完成年申報審查
K7700661,國產建材實業股份有限公司苗栗廠,2014年第4季,,公噸,2.102,公噸,,公噸,,公噸,完成年申報審查
K7700367,路亨企業股份有限公司,2014年第4季,,公噸,0.494,公噸,,公噸,,公噸,完成年申報審查
K7604468,明原矽砂有限公司,2014年第4季,,公噸,0.378,公噸,,公噸,,公噸,完成年申報審查
K7600899,福基矽砂股份有限公司,2014年第4季,,公噸,0.782,公噸,,公噸,,公噸,完成年申報審查
K7600853,南岡企業股份有限公司,2014年第4季,,公噸,0.189,公噸,,公噸,,公噸,完成年申報審查
K7503135,協鑫混凝土股份有限公司,2014年第4季,,公噸,1.223,公噸,,公噸,,公噸,完成年申報審查
K7400193,正和砂石開發工業股份有限公司,2014年第4季,,公噸,0,公噸,,公噸,,公噸,完成年申報審查
K7400102,統日實業股份有限公司,2014年第4季,,公噸,1.781,公噸,,公噸,,公噸,完成年申報審查
K73A0243,長增工程有限公司,2014年第4季,,公噸,0.771,公噸,,公噸,,公噸,完成年申報審查
K73A0124,錦鋒混凝土股份有限公司,2014年第4季,,公噸,5.271,公噸,,公噸,,公噸,完成年申報審查
K7305620,昱新企業社,2014年第4季,,公噸,0,公噸,,公噸,,公噸,完成年申報審查
K7305399,長信環保工程有限公司,2014年第4季,,公噸,0.97,公噸,,公噸,,公噸,完成年申報審查
K7305371,西湖混凝土有限公司,2014年第4季,,公噸,1.969,公噸,,公噸,,公噸,完成年申報審查
K7305362,立順興資源科技股份有限公司,2014年第4季,,公噸,3.541,公噸,,公噸,,公噸,完成年申報審查
K72A0307,弘喬有限公司,2014年第4季,,公噸,0.18,公噸,,公噸,,公噸,完成年申報審查
K7206944,志竹實業有限公司,2014年第4季,,公噸,0.021,公噸,,公噸,,公噸,完成年申報審查
K7201430,佾泰企業股份有限公司,2014年第4季,,公噸,2.466,公噸,,公噸,,公噸,完成年申報審查
K71A2477,上禹水泥製品股份有限公司,2014年第4季,,公噸,1.971,公噸,,公噸,,公噸,完成年申報審查
K71A1934,國順預拌混凝土股份有限公司苗栗分公司竹南廠,2014年第4季,,公噸,1.481,公噸,,公噸,,公噸,完成年申報審查
K7102656,永矩企業股份有限公司,2014年第4季,,公噸,1.521,公噸,,公噸,,公噸,完成年申報審查
K6900881,協發企業股份有限公司,2014年第4季,,公噸,1.773,公噸,,公噸,,公噸,完成年申報審查
K6900658,得營砂石實業有限公司,2014年第4季,,公噸,1.224,公噸,,公噸,,公噸,完成年申報審查
K6801392,頭份混凝土有限公司,2014年第4季,,公噸,0.085,公噸,,公噸,,公噸,完成年申報審查
J6203491,元鑫工程有限公司(榮大土石方既有處理場所),2014年第4季,,公噸,7.2,公噸,,公噸,,公噸,完成年申報審查
J6200196,建潮實業股份有限公司,2014年第4季,,公噸,1.666,公噸,,公噸,,公噸,完成年申報審查
J6200187,發興建材股份有限公司,2014年第4季,,公噸,11.16,公噸,,公噸,,公噸,完成年申報審查
J6200169,榮大砂石股份有限公司,2014年第4季,,公噸,2.12,公噸,,公噸,,公噸,完成年申報審查
J61A0890,全民土石方加工處理廠,2014年第4季,,公噸,3.92,公噸,,公噸,,公噸,完成年申報審查
J6000570,尖石工業股份有限公司橫山廠,2014年第4季,,公噸,0,公噸,,公噸,,公噸,完成年申報審查
J6000203,嵩益股份有限公司,2014年第4季,,公噸,11.216,公噸,,公噸,,公噸,完成年申報審查
J59A3939,永協企業股份有限公司,2014年第4季,,公噸,1.924,公噸,,公噸,,公噸,完成年申報審查
J59A3226,鼎新行,2014年第4季,,公噸,1.466,公噸,,公噸,,公噸,完成年申報審查
J58A2243,凱程工業股份有限公司,2014年第4季,,公噸,1.686,公噸,,公噸,,公噸,完成年申報審查
J5805277,大山土石股份有限公司,2014年第4季,,公噸,4.839,公噸,,公噸,,公噸,完成年申報審查
J5800692,怡星企業股份有限公司,2014年第4季,,公噸,0,公噸,,公噸,,公噸,完成年申報審查
J5800674,詠炬企業股份有限公司,2014年第4季,,公噸,4.509,公噸,,公噸,,公噸,完成年申報審查
J5800665,石樺企業股份有限公司,2014年第4季,,公噸,6.066,公噸,,公噸,,公噸,完成年申報審查
J55A1230,益廣達實業股份有限公司,2014年第4季,,公噸,0.982,公噸,,公噸,,公噸,完成年申報審查
J5500482,和暉實業股份有限公司,2014年第4季,,公噸,1.246,公噸,,公噸,,公噸,完成年申報審查
H53A1405,北礦實業股份有限公司,2014年第4季,,公噸,0,公噸,,公噸,,公噸,完成年申報審查
H5387913,新品資源科技股份有限公司觀音廠,2014年第4季,,公噸,0.189,公噸,,公噸,,公噸,完成年申報審查
H5380487,上福土石方資源有限公司,2014年第4季,,公噸,5.4,公噸,,公噸,,公噸,完成年申報審查
H5380432,保障實業有限公司,2014年第4季,,公噸,0.94,公噸,,公噸,,公噸,完成年申報審查
H5301502,白玉砂石股份有限公司,2014年第4季,,公噸,1.81,公噸,,公噸,,公噸,完成年申報審查
H52A2389,祐杰實業有限公司,2014年第4季,,公噸,0.122,公噸,,公噸,,公噸,完成年申報審查
H52A0591,佰歲興業股份有限公司新屋廠,2014年第4季,,公噸,3.522,公噸,,公噸,,公噸,完成年申報審查
H5201374,鼎鐘實業行,2014年第4季,,公噸,4.86,公噸,,公噸,,公噸,完成年申報審查
H5201365,巨讚實業有限公司,2014年第4季,,公噸,4.019,公噸,,公噸,,公噸,完成年申報審查
H5200626,台灣水泥股份有限公司台北水泥製品廠中壢分廠,2014年第4季,,公噸,7.158,公噸,,公噸,,公噸,完成年申報審查
H5103757,祥鑫興業股份有限公司,2014年第4季,,公噸,2.814,公噸,,公噸,,公噸,完成年申報審查
H5006986,康地建材有限公司龍潭廠,2014年第4季,,公噸,3.031,公噸,,公噸,,公噸,完成年申報審查
H5006039,來鑫工業股份有限公司,2014年第4季,,公噸,0.088,公噸,,公噸,,公噸,完成年申報審查
H5005710,新三亞預拌混凝土廠股份有限公司,2014年第4季,,公噸,1.39,公噸,,公噸,,公噸,完成年申報審查
H49A6372,慶龍預拌混凝土股份有限公司八德廠,2014年第4季,,公噸,0.347,公噸,,公噸,,公噸,完成年申報審查
H49A6283,新群鼎實業有限公司八德廠,2014年第4季,,公噸,1.401,公噸,,公噸,,公噸,完成年申報審查
H49A4752,財嘉昌有限公司,2014年第4季,,公噸,12.021,公噸,,公噸,,公噸,完成年申報審查
H4904134,台灣水泥股份有限公司台北水泥製品廠八德分廠,2014年第4季,,公噸,18.78,公噸,,公噸,,公噸,完成年申報審查
H4801923,亞東預拌混凝土股份有限公司林口廠,2014年第4季,,公噸,2.211,公噸,,公噸,,公噸,完成年申報審查
H47A6134,大園預拌混凝土股份有限公司,2014年第4季,,公噸,2.72,公噸,,公噸,,公噸,完成年申報審查
H47A1174,桃園市政府(公共工程營建剩餘土石方暫屯及調配場),2014年第4季,,公噸,0,公噸,,公噸,,公噸,完成年申報審查
H4708221,銘宏億企業有限公司,2014年第4季,,公噸,1.251,公噸,,公噸,,公噸,完成年申報審查
H4707993,泰暘砂石有限公司,2014年第4季,,公噸,6.34,公噸,,公噸,,公噸,完成年申報審查
H4703128,永吉化工股份有限公司,2014年第4季,,公噸,0.602,公噸,,公噸,,公噸,完成年申報審查
H4702014,國業砂石企業有限公司,2014年第4季,,公噸,0.067,公噸,,公噸,,公噸,完成年申報審查
H46A7315,昱霖金屬有限公司,2014年第4季,,公噸,1.513,公噸,,公噸,,公噸,完成年申報審查
H4640635,石繶工業股份有限公司,2014年第4季,,公噸,0.288,公噸,,公噸,,公噸,完成年申報審查
H4639990,詠源實業有限公司,2014年第4季,,公噸,3.33,公噸,,公噸,,公噸,完成年申報審查
H4606197,國產建材實業股份有限公司蘆竹二廠,2014年第4季,,公噸,4.493,公噸,,公噸,,公噸,完成年申報審查
H4603301,慶龍預拌混凝土股份有限公司,2014年第4季,,公噸,1.494,公噸,,公噸,,公噸,完成年申報審查
H4603196,新群鼎實業有限公司蘆竹廠,2014年第4季,,公噸,1.77,公噸,,公噸,,公噸,完成年申報審查
H4602699,全國砂石廠,2014年第4季,,公噸,5.855,公噸,,公噸,,公噸,完成年申報審查
H4601076,台灣水泥股份有限公司台北水泥製品廠桃園分廠,2014年第4季,,公噸,4.793,公噸,,公噸,,公噸,完成年申報審查
H4600097,嘉利實業股份有限公司桃園廠,2014年第4季,,公噸,3.818,公噸,,公噸,,公噸,完成年申報審查
H45A6342,和昌國際工業股份有限公司楊梅廠,2014年第4季,,公噸,2.266,公噸,,公噸,,公噸,完成年申報審查
H45A3160,順發水泥製品有限公司楊梅廠,2014年第4季,,公噸,0.833,公噸,,公噸,,公噸,完成年申報審查
H45A0839,新品資源科技股份有限公司,2014年第4季,,公噸,0.997,公噸,,公噸,,公噸,完成年申報審查
H45A0314,亞東預拌混凝土股份有限公司桃園廠,2014年第4季,,公噸,0.993,公噸,,公噸,,公噸,完成年申報審查
H4508927,大陸營建廢棄物共同清除處理股份有限公司,2014年第4季,,公噸,3.434,公噸,,公噸,,公噸,完成年申報審查
H4500672,聯華實業股份有限公司富岡工廠,2014年第4季,,公噸,17.718,公噸,,公噸,,公噸,完成年申報審查
H44A1872,良邦建材有限公司大溪廠,2014年第4季,,公噸,3.33,公噸,,公噸,,公噸,完成年申報審查
H4405761,茂基興業股份有限公司,2014年第4季,,公噸,11.532,公噸,,公噸,,公噸,完成年申報審查
H4402760,台榮興業股份有限公司,2014年第4季,,公噸,1.56,公噸,,公噸,,公噸,完成年申報審查
H4401030,漢嵩實業股份有限公司大溪廠,2014年第4季,,公噸,4.608,公噸,,公噸,,公噸,完成年申報審查
H4307064,慶隆預拌混凝土股份有限公司,2014年第4季,,公噸,0.422,公噸,,公噸,,公噸,完成年申報審查
H4302729,嘉利實業股份有限公司中壢廠,2014年第4季,,公噸,9.25,公噸,,公噸,,公噸,完成年申報審查
H4205967,新生產業股份有限公司豐林麵粉廠,2014年第4季,,公噸,2.023,公噸,,公噸,,公噸,完成年申報審查
G4103214,潤泰精密材料股份有限公司蘭崁礦區,2014年第4季,,公噸,100.65,公噸,,公噸,,公噸,完成年申報審查
G4103063,東來欣股份有限公司,2014年第4季,,公噸,0.538,公噸,,公噸,,公噸,完成年申報審查
G4100035,信大水泥股份有限公司南聖湖廠(礦區),2014年第4季,,公噸,25.862,公噸,,公噸,,公噸,完成年申報審查
G3903461,中國開發股份有限公司宜蘭廠,2014年第4季,,公噸,21.198,公噸,,公噸,,公噸,完成年申報審查
G3903238,咸臨有限公司,2014年第4季,,公噸,0.498,公噸,,公噸,,公噸,完成年申報審查
G3903167,勢鴻有限公司,2014年第4季,,公噸,0.816,公噸,,公噸,,公噸,完成年申報審查
G3903078,宜蘭縣政府-公共造產營建剩餘土石方堆置處理場,2014年第4季,,公噸,0.481,公噸,,公噸,,公噸,完成年申報審查
G3900326,耕盈行,2014年第4季,,公噸,3.114,公噸,,公噸,,公噸,完成補件
G3900308,榮民工程股份有限公司羅東工廠,2014年第4季,,公噸,1.624,公噸,,公噸,,公噸,完成年申報審查
G3900175,富鋒產業股份有限公司,2014年第4季,,公噸,15.002,公噸,,公噸,,公噸,完成年申報審查
G3900166,喬洲開發股份有限公司,2014年第4季,,公噸,12.201,公噸,,公噸,,公噸,完成年申報審查
G3900157,清石石材企業股份有限公司大洲廠,2014年第4季,,公噸,3.653,公噸,,公噸,,公噸,完成年申報審查
G3900148,茂豐企業股份有限公司,2014年第4季,,公噸,14.745,公噸,,公噸,,公噸,完成年申報審查
G3900120,宜東砂石股份有限公司,2014年第4季,,公噸,8.105,公噸,,公噸,,公噸,完成年申報審查
G3604614,蘭陽溪砂石商行有限公司,2014年第4季,,公噸,0.084,公噸,,公噸,,公噸,完成年申報審查
G3603242,德石砂石有限公司-土石方資源堆置轉運場,2014年第4季,,公噸,0.966,公噸,,公噸,,公噸,完成年申報審查
G3600625,泉海實業股份有限公司,2014年第4季,,公噸,3.66,公噸,,公噸,,公噸,完成年申報審查
G3600492,建坤實業社,2014年第4季,,公噸,1.089,公噸,,公噸,,公噸,完成年申報審查
G3600483,晉城建設實業有限公司,2014年第4季,,公噸,12.282,公噸,,公噸,,公噸,完成年申報審查
G3600456,川寶建材股份有限公司宜蘭廠,2014年第4季,,公噸,24.19,公噸,,公噸,,公噸,完成年申報審查
G3600376,地石有限公司,2014年第4季,,公噸,3.739,公噸,,公噸,,公噸,完成年申報審查
G3600367,石地實業股份有限公司員山廠,2014年第4季,,公噸,1.795,公噸,,公噸,,公噸,完成年申報審查
G32A0362,宜宬開發有限公司蘇澳廠,2014年第4季,,公噸,0.04,公噸,,公噸,,公噸,完成年申報審查
G32A0114,宜興預拌混凝土股份有限公司聖湖土石碎解洗選廠,2014年第4季,,公噸,3.558,公噸,,公噸,,公噸,完成年申報審查
G3202370,蘇澳石礦股份有限公司蘇澳礦場,2014年第4季,,公噸,0,公噸,,公噸,,公噸,完成年申報審查
G3202147,台灣水泥股份有限公司(太白山大理石礦區),2014年第4季,,公噸,33.544,公噸,,公噸,,公噸,完成年申報審查
F2103286,瀛豐實業股份有限公司三芝廠,2014年第4季,,公噸,2.169,公噸,,公噸,,公噸,完成年申報審查
F17A3954,億和興企業股份有限公司-林口電廠更新擴建計畫-出水口導流堤、北防波堤、卸煤碼頭、聯,2014年第4季,,公噸,0.383,公噸,,公噸,,公噸,完成年申報審查
F1707100,淳家國際股份有限公司(土石方資源堆置場),2014年第4季,,公噸,1.362,公噸,,公噸,,公噸,完成年申報審查
F1706185,陽光城市開發股份有限公司,2014年第4季,,公噸,1.83,公噸,,公噸,,公噸,完成年申報審查
F1303175,亞東預拌混凝土股份有限公司土城廠,2014年第4季,,公噸,2.582,公噸,,公噸,,公噸,完成年申報審查
F11A4180,宏翎砂石有限公司,2014年第4季,,公噸,0,公噸,,公噸,,公噸,完成年申報審查
F1100629,亞東預拌混凝土股份有限公司汐止廠,2014年第4季,,公噸,2.65,公噸,,公噸,,公噸,完成年申報審查
F0901355,合興預拌混凝土股份有限公司預拌廠,2014年第4季,,公噸,0.896,公噸,,公噸,,公噸,完成年申報審查
F08A2066,台富水泥製品股份有限公司鶯歌廠,2014年第4季,,公噸,0.865,公噸,,公噸,,公噸,完成年申報審查
F0813850,全民企業社,2014年第4季,,公噸,2.11,公噸,,公噸,,公噸,完成年申報審查
F0725257,遠嘉實業有限公司-遠嘉土石方資源堆置處理場,2014年第4季,,公噸,0.564,公噸,,公噸,,公噸,完成年申報審查
F05A0708,慶康實業股份有限公司,2014年第4季,,公噸,0.066,公噸,,公噸,,公噸,完成年申報審查
E56A6877,工榮企業有限公司北林廠,2014年第4季,,公噸,0.55,公噸,,公噸,,公噸,完成年申報審查
E56A6431,中工機械股份有限公司(高雄港洲際二期預拌廠),2014年第4季,,公噸,3.439,公噸,,公噸,,公噸,完成年申報審查
E5607868,中聯資源股份有限公司利昌廠,2014年第4季,,公噸,8.97,公噸,,公噸,,公噸,完成年申報審查
E5607108,友成石灰工廠股份有限公司,2014年第4季,,公噸,7.629,公噸,,公噸,,公噸,完成年申報審查
E5606496,大地亮環保服務有限公司,2014年第4季,,公噸,3.563,公噸,,公噸,,公噸,完成年申報審查
E5604143,嘉信遊艇股份有限公司,2014年第4季,,公噸,0.002,公噸,,公噸,,公噸,完成年申報審查
E5604134,台協化學股份有限公司大業廠,2014年第4季,,公噸,1.341,公噸,,公噸,,公噸,完成年申報審查
E5602747,台灣水泥股份有限公司鼓山水泥製品廠小港分廠,2014年第4季,,公噸,1.101,公噸,,公噸,,公噸,完成年申報審查
E5602283,國產實業建設股份有限公司小港廠,2014年第4季,,公噸,1.48,公噸,,公噸,,公噸,完成年申報審查
E5601026,太爺企業股份有限公司,2014年第4季,,公噸,0.527,公噸,,公噸,,公噸,完成年申報審查
E5407064,亞東預拌混凝土股份有限公司小港廠,2014年第4季,,公噸,1.214,公噸,,公噸,,公噸,完成年申報審查
E4800525,國產實業建設股份有限公司高雄廠,2014年第4季,,公噸,2.28,公噸,,公噸,,公噸,完成年申報審查
E4700342,台灣水泥股份有限公司鼓山水泥製品廠,2014年第4季,,公噸,14.7,公噸,,公噸,,公噸,完成年申報審查
E2900782,隆興鋼鐵工業股份有限公司,2014年第4季,,公噸,0,公噸,,公噸,,公噸,完成年申報審查
E2000036,東南亞混凝土股份有限公司,2014年第4季,,公噸,0.026,公噸,,公噸,,公噸,完成年申報審查
E1900206,立竑預拌股份有限公司林園廠,2014年第4季,,公噸,4.872,公噸,,公噸,,公噸,完成年申報審查
E1501936,光舜興業股份有限公司鳳山廠,2014年第4季,,公噸,1.648,公噸,,公噸,,公噸,完成年申報審查
B9400295,亞東預拌混凝土股份有限公司潭子廠,2014年第4季,,公噸,5.252,公噸,,公噸,,公噸,完成年申報審查
B9301037,國鈞砂石企業股份有限公司,2014年第4季,,公噸,0,公噸,,公噸,,公噸,完成年申報審查
B2502250,強琳環保工程有限公司,2014年第4季,,公噸,0.766,公噸,,公噸,,公噸,完成年申報審查
B24A6727,寶文股份有限公司,2014年第4季,,公噸,7.281,公噸,,公噸,,公噸,完成年申報審查
B2408837,統發工程行(統發營建剩餘土石方資源堆置處理場),2014年第4季,,公噸,7.3,公噸,,公噸,,公噸,完成年申報審查
B2408775,寶仁土石開發有限公司,2014年第4季,,公噸,6.608,公噸,,公噸,,公噸,完成年申報審查
B2402406,廣達混凝土股份有限公司,2014年第4季,,公噸,4.615,公噸,,公噸,,公噸,完成年申報審查
B2313904,甲東洋土股份有限公司,2014年第4季,,公噸,6.145,公噸,,公噸,,公噸,完成年申報審查
B2305126,總茂環保股份有限公司,2014年第4季,,公噸,1.081,公噸,,公噸,,公噸,完成年申報審查
B2303275,亞東預拌混凝土股份有限公司台中廠,2014年第4季,,公噸,3.253,公噸,,公噸,,公噸,完成年申報審查
B0100114,錢宏興業有限公司二廠,2014年第4季,,公噸,2.561,公噸,,公噸,,公噸,完成年申報審查
B0000182,億華砂石有限公司,2014年第4季,,公噸,7.554,公噸,,公噸,,公噸,完成年申報審查
A4500019,台灣水泥股份有限公司台北水泥製品廠,2014年第4季,,公噸,2.602,公噸,,公噸,,公噸,完成年申報審查
A44B1313,華冠賸餘土石方資源處理場,2014年第4季,,公噸,0,公噸,,公噸,,公噸,完成年申報審查
A44A2601,磬鴻有限公司,2014年第4季,,公噸,2.32,公噸,,公噸,,公噸,完成年申報審查
A44A0873,國際土石方資源堆置處理場,2014年第4季,,公噸,3.242,公噸,,公噸,,公噸,完成年申報審查
A4405822,亞太營建工程賸餘土石方及營建混合物資源處理場,2014年第4季,,公噸,4.607,公噸,,公噸,,公噸,完成年申報審查
A4405153,德展土石方及營建混合物處理場,2014年第4季,,公噸,1.645,公噸,,公噸,,公噸,完成年申報審查
A4404254,希望城堡土石方及營建混合物資源處理場,2014年第4季,,公噸,8.249,公噸,,公噸,,公噸,完成年申報審查
A4304464,裕豪土石方資源處理場,2014年第4季,,公噸,2.773,公噸,,公噸,,公噸,完成年申報審查
A4004950,好名企業有限公司,2014年第4季,,公噸,8.045,公噸,,公噸,,公噸,完成補件
Z6600019,台灣電力股份有限公司馬祖區營業處-東引電廠,2014年第3季,,公噸,0.888,公噸,,公噸,,公噸,申報補件
Z6503042,台灣電力股份有限公司馬祖區營業處-西莒電廠,2014年第3季,,公噸,0.279,公噸,,公噸,,公噸,申報補件
Z6400019,台灣電力(股)公司協和發電廠馬祖珠山分廠-北竿機組,2014年第3季,,公噸,0.001,公噸,,公噸,,公噸,申報補件
Z6300023,台灣電力股份有限公司馬祖區營業處-南竿電廠,2014年第3季,,公噸,0.734,公噸,,公噸,,公噸,申報補件
V8004176,祥興砂石行,2014年第3季,,公噸,12.064,公噸,,公噸,,公噸,完成年申報審查
V75A7842,宏騰砂石有限公司,2014年第3季,,公噸,2.38,公噸,,公噸,,公噸,完成年申報審查
T42A5011,里一實業有限公司屏東堆置場,2014年第3季,,公噸,0.126,公噸,,公噸,,公噸,完成補件
T42A3005,里一實業有限公司,2014年第3季,,公噸,1.409,公噸,,公噸,,公噸,完成補件
S3401096,螢建有限公司,2014年第3季,,公噸,0.241,公噸,,公噸,,公噸,完成年申報審查
S3004695,將嘉實業有限公司,2014年第3季,,公噸,3.004,公噸,,公噸,,公噸,完成年申報審查
S3004131,古板企業有限公司,2014年第3季,,公噸,3.827,公噸,,公噸,,公噸,完成年申報審查
S3001309,環球水泥股份有限公司-湖內堆置場,2014年第3季,,公噸,0.694,公噸,,公噸,,公噸,完成年申報審查
S29A1073,欣鑫砂石行,2014年第3季,,公噸,0.094,公噸,,公噸,,公噸,完成年申報審查
S2907633,國峰生物科技股份有限公司,2014年第3季,,公噸,0.033,公噸,,公噸,,公噸,完成年申報審查
S26A0822,京福工程有限公司,2014年第3季,,公噸,2.47,公噸,,公噸,,公噸,完成年申報審查
S2603390,鼎泰水泥股份有限公司,2014年第3季,,公噸,0.294,公噸,,公噸,,公噸,完成年申報審查
S2601421,福泰興實業有限公司,2014年第3季,,公噸,1.82,公噸,,公噸,,公噸,完成年申報審查
S2601350,泰成粉廠股份有限公司,2014年第3季,,公噸,3.279,公噸,,公噸,,公噸,完成年申報審查
S2601234,東遠股份有限公司燕巢廠,2014年第3季,,公噸,2.358,公噸,,公噸,,公噸,完成年申報審查
S2601216,今泰企業股份有限公司,2014年第3季,,公噸,0,公噸,,公噸,,公噸,完成年申報審查
S2500205,福壽實業股份有限公司高雄廠,2014年第3季,,公噸,12.759,公噸,,公噸,,公噸,完成年申報審查
S23A0144,竑榮實業股份有限公司高雄廠(與管編S23A0123為重覆相同之廠名),2014年第3季,,公噸,0.85,公噸,,公噸,,公噸,完成年申報審查
S22A0901,大眾興業股份有限公司仁武廠,2014年第3季,,公噸,2.442,公噸,,公噸,,公噸,完成年申報審查
S22A0773,億炬實業有限公司仁武廠,2014年第3季,,公噸,1.168,公噸,,公噸,,公噸,完成年申報審查
S2213912,光彌實業股份有限公司,2014年第3季,,公噸,0.853,公噸,,公噸,,公噸,完成年申報審查
S2213681,喬宏興業股份有限公司綠洲土石方資源堆置場,2014年第3季,,公噸,2.524,公噸,,公噸,,公噸,完成年申報審查
S2213510,新世紀環保服務股份有限公司,2014年第3季,,公噸,3.118,公噸,,公噸,,公噸,完成年申報審查
S2212095,光舜興業股份有限公司,2014年第3季,,公噸,0.473,公噸,,公噸,,公噸,完成年申報審查
S2202606,超群混凝土工業股份有限公司,2014年第3季,,公噸,0.616,公噸,,公噸,,公噸,完成年申報審查
S2100992,基成砂石行,2014年第3季,,公噸,0,公噸,,公噸,,公噸,完成年申報審查
S2100072,合吉磚廠股份有限公司,2014年第3季,,公噸,1.324,公噸,,公噸,,公噸,完成年申報審查
S20A4101,地勇選礦股份有限公司萬大廠,2014年第3季,,公噸,0.226,公噸,,公噸,,公噸,完成年申報審查
S20A3420,天山資材股份有限公司,2014年第3季,,公噸,2.496,公噸,,公噸,,公噸,完成年申報審查
S20A3331,地勇選礦股份有限公司大發四廠,2014年第3季,,公噸,1.082,公噸,,公噸,,公噸,完成年申報審查
S20A1979,地勇選礦股份有限公司大發三廠,2014年第3季,,公噸,0,公噸,,公噸,,公噸,完成年申報審查
S20A1731,榮順混凝土有限公司,2014年第3季,,公噸,1.136,公噸,,公噸,,公噸,完成年申報審查
S2090099,凱景實業股份有限公司鳳屏廠,2014年第3季,,公噸,0.096,公噸,,公噸,,公噸,完成年申報審查
S2011829,地勇選礦股份有限公司大發二廠,2014年第3季,,公噸,0.071,公噸,,公噸,,公噸,完成年申報審查
S2011196,永豐建材股份有限公司,2014年第3季,,公噸,9.726,公噸,,公噸,,公噸,完成年申報審查
S2005956,地勇選礦股份有限公司大發廠,2014年第3季,,公噸,0,公噸,,公噸,,公噸,完成年申報審查
S2005803,太爺企業股份有限公司大發廠,2014年第3季,,公噸,0.93,公噸,,公噸,,公噸,完成年申報審查
S2004557,永安建材股份有限公司,2014年第3季,,公噸,4.68,公噸,,公噸,,公噸,完成年申報審查
S2003103,石安水泥製品實業股份有限公司,2014年第3季,,公噸,1.164,公噸,,公噸,,公噸,完成年申報審查
S2002151,立竑預拌股份有限公司,2014年第3季,,公噸,3.116,公噸,,公噸,,公噸,完成年申報審查
S1807321,石安水泥製品實業股份有限公司美濃廠,2014年第3季,,公噸,0.728,公噸,,公噸,,公噸,完成年申報審查
S1807189,艾鎂企業股份有限公司-高雄廠,2014年第3季,,公噸,2.892,公噸,,公噸,,公噸,完成年申報審查
S1807161,石裕砂石行,2014年第3季,,公噸,49.82,公噸,,公噸,,公噸,完成年申報審查
S1803252,威勳企業股份有限公司美濃廠,2014年第3季,,公噸,0,公噸,,公噸,,公噸,完成年申報審查
S1802764,榮工實業股份有限公司,2014年第3季,,公噸,0,公噸,,公噸,,公噸,完成年申報審查
S1701904,祥裕砂石股份有限公司,2014年第3季,,公噸,19.746,公噸,,公噸,,公噸,完成年申報審查
S1603752,聯銘橡膠工業股份有限公司,2014年第3季,,公噸,0.007,公噸,,公噸,,公噸,完成年申報審查
S1602700,嘉華盛科技股份有限公司,2014年第3季,,公噸,0.164,公噸,,公噸,,公噸,完成年申報審查
S1503220,中美水泥製品股份有限公司,2014年第3季,,公噸,1.71,公噸,,公噸,,公噸,完成年申報審查
Q8103026,掌石企業股份有限公司番路廠,2014年第3季,,公噸,0.497,公噸,,公噸,,公噸,完成補件
Q7800099,泉豐碎石廠股份有限公司,2014年第3季,,公噸,2.632,公噸,,公噸,,公噸,完成補件
P6004278,益邦企業社,2014年第3季,,公噸,0.989,公噸,,公噸,,公噸,完成年申報審查
P5802163,禾暉水泥實業有限公司,2014年第3季,,公噸,0,公噸,,公噸,,公噸,完成年申報審查
P5503192,溫河砂石有限公司,2014年第3季,,公噸,0.195,公噸,,公噸,,公噸,完成年申報審查
P4805213,朝興企業行,2014年第3季,,公噸,2.172,公噸,,公噸,,公噸,完成年申報審查
P46A3865,合利發土資科技有限公司,2014年第3季,,公噸,0.931,公噸,,公噸,,公噸,完成年申報審查
N2900810,合作混凝土股份有限公司,2014年第3季,,公噸,1.62,公噸,,公噸,,公噸,完成補件
L9995124,聚豐砂石企業股份有限公司,2014年第3季,,公噸,5.903,公噸,,公噸,,公噸,完成年申報審查
L9900036,民峰實業股份有限公司大安一廠,2014年第3季,,公噸,1.226,公噸,,公噸,,公噸,完成年申報審查
L9803756,全泰砂石股份有限公司外埔廠,2014年第3季,,公噸,2.622,公噸,,公噸,,公噸,完成年申報審查
L9703055,增泰砂石股份有限公司石岡廠,2014年第3季,,公噸,2.605,公噸,,公噸,,公噸,完成年申報審查
L9700143,信昌砂石行,2014年第3季,,公噸,16.194,公噸,,公噸,,公噸,完成年申報審查
L9700107,廣達混凝土股份有限公司石岡廠,2014年第3季,,公噸,2.467,公噸,,公噸,,公噸,完成年申報審查
L9505684,天台砂石股份有限公司,2014年第3季,,公噸,1.453,公噸,,公噸,,公噸,完成年申報審查
L9505595,廣獲企業有限公司,2014年第3季,,公噸,7.778,公噸,,公噸,,公噸,完成年申報審查
L9502263,民峰實業股份有限公司大雅預拌混凝土廠,2014年第3季,,公噸,2.191,公噸,,公噸,,公噸,完成年申報審查
L9307053,夆孟企業有限公司,2014年第3季,,公噸,1.669,公噸,,公噸,,公噸,完成年申報審查
L9303108,臺中市豐洲堤防公有土石方資源堆置處理場,2014年第3季,,公噸,2.16,公噸,,公噸,,公噸,完成年申報審查
L9303064,財石砂石有限公司,2014年第3季,,公噸,2.114,公噸,,公噸,,公噸,完成年申報審查
L9301702,伸太田工業股份有限公司,2014年第3季,,公噸,8.032,公噸,,公噸,,公噸,完成年申報審查
L9205009,瑞光砂石有限公司后里廠,2014年第3季,,公噸,0,公噸,,公噸,,公噸,完成年申報審查
L9201083,利吉砂石場,2014年第3季,,公噸,2.936,公噸,,公噸,,公噸,完成年申報審查
L9200979,麗美砂石企業有限公司,2014年第3季,,公噸,0,公噸,,公噸,,公噸,完成年申報審查
L91A2348,大聖交通股份有限公司,2014年第3季,,公噸,2.412,公噸,,公噸,,公噸,完成年申報審查
L91A2041,大邦交通有限公司,2014年第3季,,公噸,1.897,公噸,,公噸,,公噸,完成年申報審查
L91A1548,德隆倉儲裝卸股份有限公司(第二臨時堆置場),2014年第3季,,公噸,0.053,公噸,,公噸,,公噸,完成年申報審查
L91A1271,德隆倉儲裝卸股份有限公司(第一臨時堆置場),2014年第3季,,公噸,2.646,公噸,,公噸,,公噸,完成年申報審查
L91A0887,業信企業股份有限公司(臨時堆置廠),2014年第3季,,公噸,5.374,公噸,,公噸,,公噸,完成年申報審查
L9104132,昇佑企業有限公司,2014年第3季,,公噸,1.621,公噸,,公噸,,公噸,完成年申報審查
L9102209,大信砂石股份有限公司臨時堆置場,2014年第3季,,公噸,8.894,公噸,,公噸,,公噸,完成年申報審查
L9102138,盛記企業股份有限公司,2014年第3季,,公噸,1.716,公噸,,公噸,,公噸,完成年申報審查
L9101766,民峰實業股份有限公司梧棲預拌混凝土廠,2014年第3季,,公噸,5.104,公噸,,公噸,,公噸,完成年申報審查
L8904165,泰田實業股份有限公司一廠,2014年第3季,,公噸,14.005,公噸,,公噸,,公噸,完成年申報審查
L8901744,大信砂石股份有限公司,2014年第3季,,公噸,20.804,公噸,,公噸,,公噸,完成年申報審查
L8900210,洽發企業股份有限公司,2014年第3季,,公噸,0,公噸,,公噸,,公噸,完成年申報審查
L88A0195,大谷土石方資源堆置場,2014年第3季,,公噸,0,公噸,,公噸,,公噸,完成年申報審查
L8807018,志昆實業有限公司,2014年第3季,,公噸,0,公噸,,公噸,,公噸,完成年申報審查
L8803074,大丰砂石股份有限公司大安廠,2014年第3季,,公噸,0,公噸,,公噸,,公噸,完成年申報審查
L8802693,六磊實業股份有限公司一廠,2014年第3季,,公噸,3.881,公噸,,公噸,,公噸,完成年申報審查
L0695016,營量企業有限公司,2014年第3季,,公噸,1.169,公噸,,公噸,,公噸,完成年申報審查
L0600106,萬中砂石行,2014年第3季,,公噸,0.329,公噸,,公噸,,公噸,完成年申報審查
L0506863,英銓實業有限公司大里廠,2014年第3季,,公噸,10.833,公噸,,公噸,,公噸,完成年申報審查
L0501797,中來工業股份有限公司,2014年第3季,,公噸,8.774,公噸,,公噸,,公噸,完成年申報審查
L0500585,巨力混凝土工業股份有限公司大里廠,2014年第3季,,公噸,7.861,公噸,,公噸,,公噸,完成年申報審查
L04A0757,承鼎源砂石業股份有限公司,2014年第3季,,公噸,1.257,公噸,,公噸,,公噸,完成年申報審查
L0408559,良全預拌混凝土股份有限公司,2014年第3季,,公噸,5.875,公噸,,公噸,,公噸,完成年申報審查
L0403296,伸健盛企業股份有限公司太平廠,2014年第3季,,公噸,0.552,公噸,,公噸,,公噸,完成年申報審查
L0402271,興威股份有限公司太平廠,2014年第3季,,公噸,3.769,公噸,,公噸,,公噸,完成年申報審查
L03A0386,安信展業有限公司,2014年第3季,,公噸,21.451,公噸,,公噸,,公噸,完成年申報審查
L0308045,誌建企業股份有限公司,2014年第3季,,公噸,3.361,公噸,,公噸,,公噸,完成年申報審查
L02A2862,紘碁實業有限公司,2014年第3季,,公噸,0,公噸,,公噸,,公噸,完成年申報審查
L02A1458,中聯資源股份有限公司南堤廠,2014年第3季,,公噸,9.569,公噸,,公噸,,公噸,完成年申報審查
L0205745,業信企業股份有限公司,2014年第3季,,公噸,0.735,公噸,,公噸,,公噸,完成年申報審查
L0205236,立勝土石方資源堆置處理場,2014年第3季,,公噸,0.532,公噸,,公噸,,公噸,完成年申報審查
L0205147,大盛環保股份有限公司,2014年第3季,,公噸,2.205,公噸,,公噸,,公噸,完成年申報審查
L0200464,台灣電力股份有限公司台中發電廠﹝麗水場區貯煤場﹞,2014年第3季,,公噸,18.91,公噸,,公噸,,公噸,完成年申報審查
L0200357,廣泰展業有限公司,2014年第3季,,公噸,0.418,公噸,,公噸,,公噸,完成年申報審查
L01A0356,錢宏興業有限公司大肚廠,2014年第3季,,公噸,7.596,公噸,,公噸,,公噸,完成年申報審查
L0100254,台灣水泥股份有限公司台中水泥製品廠大肚分廠,2014年第3季,,公噸,4.837,公噸,,公噸,,公噸,完成年申報審查
L00A2050,己力企業有限公司,2014年第3季,,公噸,1.568,公噸,,公噸,,公噸,完成年申報審查
L00A1983,益郁實業有限公司,2014年第3季,,公噸,1.581,公噸,,公噸,,公噸,完成年申報審查
L00A1943,威晨有限公司,2014年第3季,,公噸,3.285,公噸,,公噸,,公噸,完成年申報審查
L00A0222,溪尾科技股份有限公司,2014年第3季,,公噸,2.522,公噸,,公噸,,公噸,完成年申報審查
L0054435,台崧混凝土有限公司分廠,2014年第3季,,公噸,6.59,公噸,,公噸,,公噸,完成年申報審查
L0054239,中港砂石企業股份有限公司,2014年第3季,,公噸,14.023,公噸,,公噸,,公噸,完成年申報審查
L0000204,東陽穀物股份有限公司,2014年第3季,,公噸,11.516,公噸,,公噸,,公噸,完成年申報審查
L0000053,環球混凝土工業股份有限公司,2014年第3季,,公噸,2.364,公噸,,公噸,,公噸,完成年申報審查
K8400062,晶發砂石股份有限公司,2014年第3季,,公噸,0,公噸,,公噸,,公噸,完成年申報審查
K8303120,幸福有限公司,2014年第3季,,公噸,0.493,公噸,,公噸,,公噸,完成年申報審查
K8300192,嘉德混凝土股份有限公司,2014年第3季,,公噸,2.092,公噸,,公噸,,公噸,完成年申報審查
K8300110,建通砂石廠,2014年第3季,,公噸,0,公噸,,公噸,,公噸,完成年申報審查
K8201167,平順混凝土股份有限公司,2014年第3季,,公噸,2.756,公噸,,公噸,,公噸,完成年申報審查
K8195075,長信環保工程有限公司一廠,2014年第3季,,公噸,2.56,公噸,,公噸,,公噸,完成年申報審查
K8003287,鍵凡企業有限公司,2014年第3季,,公噸,0.636,公噸,,公噸,,公噸,完成年申報審查
K8000508,甲騰企業有限公司,2014年第3季,,公噸,7.16,公噸,,公噸,,公噸,完成年申報審查
K8000400,立益工業股份有限公司,2014年第3季,,公噸,3.006,公噸,,公噸,,公噸,完成年申報審查
K8000357,中埔混凝土股份有限公司,2014年第3季,,公噸,0,公噸,,公噸,,公噸,完成年申報審查
K7705684,佳生企業有限公司,2014年第3季,,公噸,0.962,公噸,,公噸,,公噸,完成年申報審查
K7704990,恒笙土資場,2014年第3季,,公噸,2.774,公噸,,公噸,,公噸,完成年申報審查
K7704963,上安砂石有限公司,2014年第3季,,公噸,0.035,公噸,,公噸,,公噸,完成年申報審查
K7704936,富佑土資場有限公司,2014年第3季,,公噸,1.632,公噸,,公噸,,公噸,完成年申報審查
K7704927,福宏土資場股份有限公司,2014年第3季,,公噸,0.729,公噸,,公噸,,公噸,完成年申報審查
K7701202,國順預拌混凝土股份有限公司苗栗廠,2014年第3季,,公噸,1.615,公噸,,公噸,,公噸,完成年申報審查
K7700830,福宏實業股份有限公司,2014年第3季,,公噸,1.926,公噸,,公噸,,公噸,完成年申報審查
K7700741,振翔股份有限公司,2014年第3季,,公噸,2.245,公噸,,公噸,,公噸,完成年申報審查
K7700732,源昌砂石股份有限公司,2014年第3季,,公噸,3.771,公噸,,公噸,,公噸,完成年申報審查
K7700723,國翔砂石工業股份有限公司,2014年第3季,,公噸,1.402,公噸,,公噸,,公噸,完成年申報審查
K7700661,國產建材實業股份有限公司苗栗廠,2014年第3季,,公噸,1.98,公噸,,公噸,,公噸,完成年申報審查
K7604468,明原矽砂有限公司,2014年第3季,,公噸,0.116,公噸,,公噸,,公噸,完成年申報審查
K7600899,福基矽砂股份有限公司,2014年第3季,,公噸,0.7,公噸,,公噸,,公噸,完成年申報審查
K7600853,南岡企業股份有限公司,2014年第3季,,公噸,0.358,公噸,,公噸,,公噸,完成年申報審查
K7503135,協鑫混凝土股份有限公司,2014年第3季,,公噸,1.368,公噸,,公噸,,公噸,完成年申報審查
K7400193,正和砂石開發工業股份有限公司,2014年第3季,,公噸,0,公噸,,公噸,,公噸,完成年申報審查
K7400102,統日實業股份有限公司,2014年第3季,,公噸,5.306,公噸,,公噸,,公噸,完成年申報審查
K73A0243,長增工程有限公司,2014年第3季,,公噸,0.883,公噸,,公噸,,公噸,完成年申報審查
K73A0124,錦鋒混凝土股份有限公司,2014年第3季,,公噸,7.526,公噸,,公噸,,公噸,完成年申報審查
K7305620,昱新企業社,2014年第3季,,公噸,0,公噸,,公噸,,公噸,完成年申報審查
K7305399,長信環保工程有限公司,2014年第3季,,公噸,0.66,公噸,,公噸,,公噸,完成年申報審查
K7305371,西湖混凝土有限公司,2014年第3季,,公噸,1.884,公噸,,公噸,,公噸,完成年申報審查
K7305362,立順興資源科技股份有限公司,2014年第3季,,公噸,4.331,公噸,,公噸,,公噸,完成年申報審查
K72A0307,弘喬有限公司,2014年第3季,,公噸,0.112,公噸,,公噸,,公噸,完成年申報審查
K7206944,志竹實業有限公司,2014年第3季,,公噸,0.012,公噸,,公噸,,公噸,完成年申報審查
K7201430,佾泰企業股份有限公司,2014年第3季,,公噸,2.856,公噸,,公噸,,公噸,完成年申報審查
K71A2477,上禹水泥製品股份有限公司,2014年第3季,,公噸,2.07,公噸,,公噸,,公噸,完成年申報審查
K71A1934,國順預拌混凝土股份有限公司苗栗分公司竹南廠,2014年第3季,,公噸,1.449,公噸,,公噸,,公噸,完成年申報審查
K7102656,永矩企業股份有限公司,2014年第3季,,公噸,1.289,公噸,,公噸,,公噸,完成年申報審查
K6900881,協發企業股份有限公司,2014年第3季,,公噸,1.484,公噸,,公噸,,公噸,完成年申報審查
K6900658,得營砂石實業有限公司,2014年第3季,,公噸,0.764,公噸,,公噸,,公噸,完成年申報審查
K6801392,頭份混凝土有限公司,2014年第3季,,公噸,0.113,公噸,,公噸,,公噸,完成年申報審查
J6203491,元鑫工程有限公司(榮大土石方既有處理場所),2014年第3季,,公噸,8.426,公噸,,公噸,,公噸,完成年申報審查
J6200196,建潮實業股份有限公司,2014年第3季,,公噸,1.393,公噸,,公噸,,公噸,完成年申報審查
J6200187,發興建材股份有限公司,2014年第3季,,公噸,10.63,公噸,,公噸,,公噸,完成年申報審查
J6200169,榮大砂石股份有限公司,2014年第3季,,公噸,2.08,公噸,,公噸,,公噸,完成年申報審查
J61A0890,全民土石方加工處理廠,2014年第3季,,公噸,3.43,公噸,,公噸,,公噸,完成年申報審查
J6000570,尖石工業股份有限公司橫山廠,2014年第3季,,公噸,4.83,公噸,,公噸,,公噸,完成年申報審查
J6000203,嵩益股份有限公司,2014年第3季,,公噸,12.457,公噸,,公噸,,公噸,完成年申報審查
J59A3939,永協企業股份有限公司,2014年第3季,,公噸,1.944,公噸,,公噸,,公噸,完成年申報審查
J59A3226,鼎新行,2014年第3季,,公噸,2.265,公噸,,公噸,,公噸,完成年申報審查
J58A2243,凱程工業股份有限公司,2014年第3季,,公噸,1.739,公噸,,公噸,,公噸,完成年申報審查
J5805277,大山土石股份有限公司,2014年第3季,,公噸,13.177,公噸,,公噸,,公噸,完成年申報審查
J5800692,怡星企業股份有限公司,2014年第3季,,公噸,0,公噸,,公噸,,公噸,完成年申報審查
J5800674,詠炬企業股份有限公司,2014年第3季,,公噸,4.736,公噸,,公噸,,公噸,完成年申報審查
J5800665,石樺企業股份有限公司,2014年第3季,,公噸,5.546,公噸,,公噸,,公噸,完成年申報審查
J55A1230,益廣達實業股份有限公司,2014年第3季,,公噸,1.767,公噸,,公噸,,公噸,完成年申報審查
J5500482,和暉實業股份有限公司,2014年第3季,,公噸,1.051,公噸,,公噸,,公噸,完成年申報審查
H53A1405,北礦實業股份有限公司,2014年第3季,,公噸,0,公噸,,公噸,,公噸,完成年申報審查
H5387913,新品資源科技股份有限公司觀音廠,2014年第3季,,公噸,0.178,公噸,,公噸,,公噸,完成年申報審查
H5380487,上福土石方資源有限公司,2014年第3季,,公噸,2.317,公噸,,公噸,,公噸,完成年申報審查
H5380432,保障實業有限公司,2014年第3季,,公噸,0.28,公噸,,公噸,,公噸,完成年申報審查
H5301502,白玉砂石股份有限公司,2014年第3季,,公噸,1.265,公噸,,公噸,,公噸,完成年申報審查
H52A2389,祐杰實業有限公司,2014年第3季,,公噸,0.115,公噸,,公噸,,公噸,完成年申報審查
H52A0591,佰歲興業股份有限公司新屋廠,2014年第3季,,公噸,3.502,公噸,,公噸,,公噸,完成年申報審查
H5201374,鼎鐘實業行,2014年第3季,,公噸,5.67,公噸,,公噸,,公噸,完成年申報審查
H5201365,巨讚實業有限公司,2014年第3季,,公噸,1.871,公噸,,公噸,,公噸,完成年申報審查
H5200626,台灣水泥股份有限公司台北水泥製品廠中壢分廠,2014年第3季,,公噸,6.22,公噸,,公噸,,公噸,完成年申報審查
H5103757,祥鑫興業股份有限公司,2014年第3季,,公噸,3.053,公噸,,公噸,,公噸,完成年申報審查
H5006986,康地建材有限公司龍潭廠,2014年第3季,,公噸,3.524,公噸,,公噸,,公噸,完成年申報審查
H5006039,來鑫工業股份有限公司,2014年第3季,,公噸,0.146,公噸,,公噸,,公噸,完成年申報審查
H5005710,新三亞預拌混凝土廠股份有限公司,2014年第3季,,公噸,2.79,公噸,,公噸,,公噸,完成年申報審查
H49A6372,慶龍預拌混凝土股份有限公司八德廠,2014年第3季,,公噸,0.411,公噸,,公噸,,公噸,完成年申報審查
H49A6283,新群鼎實業有限公司八德廠,2014年第3季,,公噸,1.475,公噸,,公噸,,公噸,完成年申報審查
H49A4752,財嘉昌有限公司,2014年第3季,,公噸,11.743,公噸,,公噸,,公噸,完成年申報審查
H4904134,台灣水泥股份有限公司台北水泥製品廠八德分廠,2014年第3季,,公噸,9.954,公噸,,公噸,,公噸,完成年申報審查
H4801923,亞東預拌混凝土股份有限公司林口廠,2014年第3季,,公噸,1.741,公噸,,公噸,,公噸,完成年申報審查
H47A6134,大園預拌混凝土股份有限公司,2014年第3季,,公噸,2.74,公噸,,公噸,,公噸,完成年申報審查
H47A1174,桃園市政府(公共工程營建剩餘土石方暫屯及調配場),2014年第3季,,公噸,0,公噸,,公噸,,公噸,完成年申報審查
H4708221,銘宏億企業有限公司,2014年第3季,,公噸,1.428,公噸,,公噸,,公噸,完成年申報審查
H4707993,泰暘砂石有限公司,2014年第3季,,公噸,7.47,公噸,,公噸,,公噸,完成年申報審查
H4703128,永吉化工股份有限公司,2014年第3季,,公噸,0.737,公噸,,公噸,,公噸,完成年申報審查
H4702014,國業砂石企業有限公司,2014年第3季,,公噸,0.196,公噸,,公噸,,公噸,完成年申報審查
H46A7315,昱霖金屬有限公司,2014年第3季,,公噸,1.215,公噸,,公噸,,公噸,完成年申報審查
H4640635,石繶工業股份有限公司,2014年第3季,,公噸,0.319,公噸,,公噸,,公噸,完成年申報審查
H4639990,詠源實業有限公司,2014年第3季,,公噸,1.09,公噸,,公噸,,公噸,完成年申報審查
H4606197,國產建材實業股份有限公司蘆竹二廠,2014年第3季,,公噸,4.007,公噸,,公噸,,公噸,完成年申報審查
H4603301,慶龍預拌混凝土股份有限公司,2014年第3季,,公噸,1.456,公噸,,公噸,,公噸,完成年申報審查
H4603196,新群鼎實業有限公司蘆竹廠,2014年第3季,,公噸,1.86,公噸,,公噸,,公噸,完成年申報審查
H4602699,全國砂石廠,2014年第3季,,公噸,5.503,公噸,,公噸,,公噸,完成年申報審查
H4601076,台灣水泥股份有限公司台北水泥製品廠桃園分廠,2014年第3季,,公噸,4.48,公噸,,公噸,,公噸,完成年申報審查
H4600097,嘉利實業股份有限公司桃園廠,2014年第3季,,公噸,4.154,公噸,,公噸,,公噸,完成年申報審查
H45A6342,和昌國際工業股份有限公司楊梅廠,2014年第3季,,公噸,1.256,公噸,,公噸,,公噸,完成年申報審查
H45A3160,順發水泥製品有限公司楊梅廠,2014年第3季,,公噸,0.928,公噸,,公噸,,公噸,完成年申報審查
H45A0839,新品資源科技股份有限公司,2014年第3季,,公噸,3.788,公噸,,公噸,,公噸,完成年申報審查
H45A0314,亞東預拌混凝土股份有限公司桃園廠,2014年第3季,,公噸,0.905,公噸,,公噸,,公噸,完成年申報審查
H4508927,大陸營建廢棄物共同清除處理股份有限公司,2014年第3季,,公噸,4.133,公噸,,公噸,,公噸,完成年申報審查
H4500672,聯華實業股份有限公司富岡工廠,2014年第3季,,公噸,17.3,公噸,,公噸,,公噸,完成年申報審查
H44A1872,良邦建材有限公司大溪廠,2014年第3季,,公噸,4.435,公噸,,公噸,,公噸,完成年申報審查
H4405761,茂基興業股份有限公司,2014年第3季,,公噸,10.832,公噸,,公噸,,公噸,完成年申報審查
H4402760,台榮興業股份有限公司,2014年第3季,,公噸,1.47,公噸,,公噸,,公噸,完成年申報審查
H4401030,漢嵩實業股份有限公司大溪廠,2014年第3季,,公噸,8.262,公噸,,公噸,,公噸,完成年申報審查
H4307064,慶隆預拌混凝土股份有限公司,2014年第3季,,公噸,0.411,公噸,,公噸,,公噸,完成年申報審查
H4302729,嘉利實業股份有限公司中壢廠,2014年第3季,,公噸,10.288,公噸,,公噸,,公噸,完成年申報審查
H4205967,新生產業股份有限公司豐林麵粉廠,2014年第3季,,公噸,2.267,公噸,,公噸,,公噸,完成年申報審查
G4103214,潤泰精密材料股份有限公司蘭崁礦區,2014年第3季,,公噸,94.4,公噸,,公噸,,公噸,完成年申報審查
G4103063,東來欣股份有限公司,2014年第3季,,公噸,0.289,公噸,,公噸,,公噸,完成年申報審查
G4100035,信大水泥股份有限公司南聖湖廠(礦區),2014年第3季,,公噸,27.545,公噸,,公噸,,公噸,完成年申報審查
G3903461,中國開發股份有限公司宜蘭廠,2014年第3季,,公噸,21.212,公噸,,公噸,,公噸,完成年申報審查
G3903238,咸臨有限公司,2014年第3季,,公噸,0.587,公噸,,公噸,,公噸,完成年申報審查
G3903167,勢鴻有限公司,2014年第3季,,公噸,1.563,公噸,,公噸,,公噸,完成年申報審查
G3903078,宜蘭縣政府-公共造產營建剩餘土石方堆置處理場,2014年第3季,,公噸,0.479,公噸,,公噸,,公噸,完成年申報審查
G3900326,耕盈行,2014年第3季,,公噸,3.114,公噸,,公噸,,公噸,完成年申報審查
G3900308,榮民工程股份有限公司羅東工廠,2014年第3季,,公噸,1.681,公噸,,公噸,,公噸,完成年申報審查
G3900175,富鋒產業股份有限公司,2014年第3季,,公噸,15.813,公噸,,公噸,,公噸,完成年申報審查
G3900166,喬洲開發股份有限公司,2014年第3季,,公噸,12.13,公噸,,公噸,,公噸,完成年申報審查
G3900157,清石石材企業股份有限公司大洲廠,2014年第3季,,公噸,4.574,公噸,,公噸,,公噸,完成年申報審查
G3900148,茂豐企業股份有限公司,2014年第3季,,公噸,9.38,公噸,,公噸,,公噸,完成年申報審查
G3900120,宜東砂石股份有限公司,2014年第3季,,公噸,7.4,公噸,,公噸,,公噸,完成年申報審查
G3604614,蘭陽溪砂石商行有限公司,2014年第3季,,公噸,0,公噸,,公噸,,公噸,完成年申報審查
G3603242,德石砂石有限公司-土石方資源堆置轉運場,2014年第3季,,公噸,0.947,公噸,,公噸,,公噸,完成年申報審查
G3600625,泉海實業股份有限公司,2014年第3季,,公噸,3.004,公噸,,公噸,,公噸,完成年申報審查
G3600492,建坤實業社,2014年第3季,,公噸,1.017,公噸,,公噸,,公噸,完成年申報審查
G3600483,晉城建設實業有限公司,2014年第3季,,公噸,5.54,公噸,,公噸,,公噸,完成年申報審查
G3600456,川寶建材股份有限公司宜蘭廠,2014年第3季,,公噸,19.701,公噸,,公噸,,公噸,完成年申報審查
G3600376,地石有限公司,2014年第3季,,公噸,3.059,公噸,,公噸,,公噸,完成年申報審查
G3600367,石地實業股份有限公司員山廠,2014年第3季,,公噸,1.497,公噸,,公噸,,公噸,完成年申報審查
G32A0362,宜宬開發有限公司蘇澳廠,2014年第3季,,公噸,0.02,公噸,,公噸,,公噸,完成年申報審查
G32A0114,宜興預拌混凝土股份有限公司聖湖土石碎解洗選廠,2014年第3季,,公噸,4.012,公噸,,公噸,,公噸,完成年申報審查
G3202370,蘇澳石礦股份有限公司蘇澳礦場,2014年第3季,,公噸,0,公噸,,公噸,,公噸,完成年申報審查
G3202147,台灣水泥股份有限公司(太白山大理石礦區),2014年第3季,,公噸,35.283,公噸,,公噸,,公噸,完成年申報審查
F2103286,瀛豐實業股份有限公司三芝廠,2014年第3季,,公噸,2.027,公噸,,公噸,,公噸,完成年申報審查
F17A3954,億和興企業股份有限公司-林口電廠更新擴建計畫-出水口導流堤、北防波堤、卸煤碼頭、聯,2014年第3季,,公噸,0.193,公噸,,公噸,,公噸,完成年申報審查
F1707100,淳家國際股份有限公司(土石方資源堆置場),2014年第3季,,公噸,3.206,公噸,,公噸,,公噸,完成年申報審查
F1706185,陽光城市開發股份有限公司,2014年第3季,,公噸,1.47,公噸,,公噸,,公噸,完成年申報審查
F1303175,亞東預拌混凝土股份有限公司土城廠,2014年第3季,,公噸,2.311,公噸,,公噸,,公噸,完成年申報審查
F11A4180,宏翎砂石有限公司,2014年第3季,,公噸,0,公噸,,公噸,,公噸,完成年申報審查
F1100629,亞東預拌混凝土股份有限公司汐止廠,2014年第3季,,公噸,2.66,公噸,,公噸,,公噸,完成年申報審查
F0901355,合興預拌混凝土股份有限公司預拌廠,2014年第3季,,公噸,0.913,公噸,,公噸,,公噸,完成年申報審查
F08A2066,台富水泥製品股份有限公司鶯歌廠,2014年第3季,,公噸,1.736,公噸,,公噸,,公噸,完成年申報審查
F0813850,全民企業社,2014年第3季,,公噸,2.138,公噸,,公噸,,公噸,完成年申報審查
F0725257,遠嘉實業有限公司-遠嘉土石方資源堆置處理場,2014年第3季,,公噸,0.441,公噸,,公噸,,公噸,完成年申報審查
F05A0708,慶康實業股份有限公司,2014年第3季,,公噸,0.041,公噸,,公噸,,公噸,完成年申報審查
E56A6877,工榮企業有限公司北林廠,2014年第3季,,公噸,0.98,公噸,,公噸,,公噸,完成年申報審查
E56A6431,中工機械股份有限公司(高雄港洲際二期預拌廠),2014年第3季,,公噸,5.061,公噸,,公噸,,公噸,完成年申報審查
E5607868,中聯資源股份有限公司利昌廠,2014年第3季,,公噸,3.857,公噸,,公噸,,公噸,完成年申報審查
E5607108,友成石灰工廠股份有限公司,2014年第3季,,公噸,8.862,公噸,,公噸,,公噸,完成年申報審查
E5606496,大地亮環保服務有限公司,2014年第3季,,公噸,3.672,公噸,,公噸,,公噸,完成年申報審查
E5604143,嘉信遊艇股份有限公司,2014年第3季,,公噸,0.002,公噸,,公噸,,公噸,完成年申報審查
E5604134,台協化學股份有限公司大業廠,2014年第3季,,公噸,1.514,公噸,,公噸,,公噸,完成年申報審查
E5602747,台灣水泥股份有限公司鼓山水泥製品廠小港分廠,2014年第3季,,公噸,1.1,公噸,,公噸,,公噸,完成年申報審查
E5602283,國產實業建設股份有限公司小港廠,2014年第3季,,公噸,1.316,公噸,,公噸,,公噸,完成年申報審查
E5601026,太爺企業股份有限公司,2014年第3季,,公噸,0.283,公噸,,公噸,,公噸,完成年申報審查
E5407064,亞東預拌混凝土股份有限公司小港廠,2014年第3季,,公噸,1.069,公噸,,公噸,,公噸,完成年申報審查
E4800525,國產實業建設股份有限公司高雄廠,2014年第3季,,公噸,2.167,公噸,,公噸,,公噸,完成年申報審查
E4700342,台灣水泥股份有限公司鼓山水泥製品廠,2014年第3季,,公噸,14.866,公噸,,公噸,,公噸,完成年申報審查
E2900782,隆興鋼鐵工業股份有限公司,2014年第3季,,公噸,0,公噸,,公噸,,公噸,完成年申報審查
E2000036,東南亞混凝土股份有限公司,2014年第3季,,公噸,0.027,公噸,,公噸,,公噸,完成年申報審查
E1900206,立竑預拌股份有限公司林園廠,2014年第3季,,公噸,4.798,公噸,,公噸,,公噸,完成年申報審查
E1501936,光舜興業股份有限公司鳳山廠,2014年第3季,,公噸,0.921,公噸,,公噸,,公噸,完成年申報審查
B9400295,亞東預拌混凝土股份有限公司潭子廠,2014年第3季,,公噸,7.042,公噸,,公噸,,公噸,完成年申報審查
B9301037,國鈞砂石企業股份有限公司,2014年第3季,,公噸,0,公噸,,公噸,,公噸,完成年申報審查
B2502250,強琳環保工程有限公司,2014年第3季,,公噸,0.418,公噸,,公噸,,公噸,完成年申報審查
B24A6727,寶文股份有限公司,2014年第3季,,公噸,6.801,公噸,,公噸,,公噸,完成年申報審查
B2408837,統發工程行(統發營建剩餘土石方資源堆置處理場),2014年第3季,,公噸,7.802,公噸,,公噸,,公噸,完成年申報審查
B2408775,寶仁土石開發有限公司,2014年第3季,,公噸,6.588,公噸,,公噸,,公噸,完成年申報審查
B2402406,廣達混凝土股份有限公司,2014年第3季,,公噸,4.25,公噸,,公噸,,公噸,完成年申報審查
B2313904,甲東洋土股份有限公司,2014年第3季,,公噸,5.838,公噸,,公噸,,公噸,完成年申報審查
B2305126,總茂環保股份有限公司,2014年第3季,,公噸,1.277,公噸,,公噸,,公噸,完成年申報審查
B2303275,亞東預拌混凝土股份有限公司台中廠,2014年第3季,,公噸,3.269,公噸,,公噸,,公噸,完成年申報審查
B0100114,錢宏興業有限公司二廠,2014年第3季,,公噸,2.837,公噸,,公噸,,公噸,完成年申報審查
B0000182,億華砂石有限公司,2014年第3季,,公噸,6.798,公噸,,公噸,,公噸,完成年申報審查
A4500019,台灣水泥股份有限公司台北水泥製品廠,2014年第3季,,公噸,2.243,公噸,,公噸,,公噸,完成年申報審查
A44B1313,華冠賸餘土石方資源處理場,2014年第3季,,公噸,0,公噸,,公噸,,公噸,完成年申報審查
A44A2601,磬鴻有限公司,2014年第3季,,公噸,1.55,公噸,,公噸,,公噸,完成年申報審查
A44A0873,國際土石方資源堆置處理場,2014年第3季,,公噸,2.763,公噸,,公噸,,公噸,完成年申報審查
A4405822,亞太營建工程賸餘土石方及營建混合物資源處理場,2014年第3季,,公噸,5.2,公噸,,公噸,,公噸,完成年申報審查
A4405153,德展土石方及營建混合物處理場,2014年第3季,,公噸,0.916,公噸,,公噸,,公噸,完成年申報審查
A4404254,希望城堡土石方及營建混合物資源處理場,2014年第3季,,公噸,9.884,公噸,,公噸,,公噸,完成年申報審查
A4304464,裕豪土石方資源處理場,2014年第3季,,公噸,2.835,公噸,,公噸,,公噸,完成年申報審查
A4004950,好名企業有限公司,2014年第3季,,公噸,8.075,公噸,,公噸,,公噸,完成補件
Z6600019,台灣電力股份有限公司馬祖區營業處-東引電廠,2014年第2季,,公噸,0.708,公噸,,公噸,,公噸,申報補件
Z6503042,台灣電力股份有限公司馬祖區營業處-西莒電廠,2014年第2季,,公噸,0.232,公噸,,公噸,,公噸,申報補件
Z6400019,台灣電力(股)公司協和發電廠馬祖珠山分廠-北竿機組,2014年第2季,,公噸,0.002,公噸,,公噸,,公噸,申報補件
Z6300023,台灣電力股份有限公司馬祖區營業處-南竿電廠,2014年第2季,,公噸,0.586,公噸,,公噸,,公噸,申報補件
V8703076,東山砂石股份有限公司,2014年第2季,,公噸,0.574,公噸,,公噸,,公噸,完成年申報審查
V75A7842,宏騰砂石有限公司,2014年第2季,,公噸,2.404,公噸,,公噸,,公噸,完成年申報審查
U0100043,台灣水泥股份有限公司和平石礦,2014年第2季,,公噸,39.37,公噸,,公噸,,公噸,申報補件
T42A5011,里一實業有限公司屏東堆置場,2014年第2季,,公噸,0.389,公噸,,公噸,,公噸,完成補件
T42A3005,里一實業有限公司,2014年第2季,,公噸,0.288,公噸,,公噸,,公噸,完成補件
S3401096,螢建有限公司,2014年第2季,,公噸,0.267,公噸,,公噸,,公噸,完成年申報審查
S3004695,將嘉實業有限公司,2014年第2季,,公噸,2.476,公噸,,公噸,,公噸,完成年申報審查
S3004131,古板企業有限公司,2014年第2季,,公噸,2.449,公噸,,公噸,,公噸,完成年申報審查
S3001309,環球水泥股份有限公司-湖內堆置場,2014年第2季,,公噸,0.694,公噸,,公噸,,公噸,完成年申報審查
S29A1073,欣鑫砂石行,2014年第2季,,公噸,0.094,公噸,,公噸,,公噸,完成年申報審查
S2907633,國峰生物科技股份有限公司,2014年第2季,,公噸,0.041,公噸,,公噸,,公噸,完成年申報審查
S26A0822,京福工程有限公司,2014年第2季,,公噸,3.98,公噸,,公噸,,公噸,完成年申報審查
S2603390,鼎泰水泥股份有限公司,2014年第2季,,公噸,0.488,公噸,,公噸,,公噸,完成年申報審查
S2601421,福泰興實業有限公司,2014年第2季,,公噸,1.525,公噸,,公噸,,公噸,完成年申報審查
S2601350,泰成粉廠股份有限公司,2014年第2季,,公噸,3.437,公噸,,公噸,,公噸,完成年申報審查
S2601216,今泰企業股份有限公司,2014年第2季,,公噸,0,公噸,,公噸,,公噸,完成年申報審查
S2500205,福壽實業股份有限公司高雄廠,2014年第2季,,公噸,11.93,公噸,,公噸,,公噸,完成年申報審查
S23A0144,竑榮實業股份有限公司高雄廠(與管編S23A0123為重覆相同之廠名),2014年第2季,,公噸,0.78,公噸,,公噸,,公噸,完成年申報審查
S22A0901,大眾興業股份有限公司仁武廠,2014年第2季,,公噸,2.576,公噸,,公噸,,公噸,完成年申報審查
S22A0773,億炬實業有限公司仁武廠,2014年第2季,,公噸,0.9,公噸,,公噸,,公噸,完成年申報審查
S2213912,光彌實業股份有限公司,2014年第2季,,公噸,1.209,公噸,,公噸,,公噸,完成年申報審查
S2213681,喬宏興業股份有限公司綠洲土石方資源堆置場,2014年第2季,,公噸,2.86,公噸,,公噸,,公噸,完成年申報審查
S2213510,新世紀環保服務股份有限公司,2014年第2季,,公噸,4.858,公噸,,公噸,,公噸,完成年申報審查
S2212095,光舜興業股份有限公司,2014年第2季,,公噸,0.589,公噸,,公噸,,公噸,完成年申報審查
S2202606,超群混凝土工業股份有限公司,2014年第2季,,公噸,0.497,公噸,,公噸,,公噸,完成年申報審查
S2100992,基成砂石行,2014年第2季,,公噸,0,公噸,,公噸,,公噸,完成年申報審查
S2100072,合吉磚廠股份有限公司,2014年第2季,,公噸,0.974,公噸,,公噸,,公噸,完成年申報審查
S20A4101,地勇選礦股份有限公司萬大廠,2014年第2季,,公噸,0.226,公噸,,公噸,,公噸,完成年申報審查
S20A3420,天山資材股份有限公司,2014年第2季,,公噸,1.263,公噸,,公噸,,公噸,完成年申報審查
S20A3331,地勇選礦股份有限公司大發四廠,2014年第2季,,公噸,1.082,公噸,,公噸,,公噸,完成年申報審查
S20A1979,地勇選礦股份有限公司大發三廠,2014年第2季,,公噸,0,公噸,,公噸,,公噸,完成年申報審查
S20A1731,榮順混凝土有限公司,2014年第2季,,公噸,1.093,公噸,,公噸,,公噸,完成年申報審查
S2090099,凱景實業股份有限公司鳳屏廠,2014年第2季,,公噸,0.099,公噸,,公噸,,公噸,完成年申報審查
S2011829,地勇選礦股份有限公司大發二廠,2014年第2季,,公噸,0.07,公噸,,公噸,,公噸,完成年申報審查
S2011196,永豐建材股份有限公司,2014年第2季,,公噸,9.8,公噸,,公噸,,公噸,完成年申報審查
S2005956,地勇選礦股份有限公司大發廠,2014年第2季,,公噸,0,公噸,,公噸,,公噸,完成年申報審查
S2005803,太爺企業股份有限公司大發廠,2014年第2季,,公噸,0.899,公噸,,公噸,,公噸,完成年申報審查
S2004557,永安建材股份有限公司,2014年第2季,,公噸,7.259,公噸,,公噸,,公噸,完成年申報審查
S2003103,石安水泥製品實業股份有限公司,2014年第2季,,公噸,1.51,公噸,,公噸,,公噸,完成年申報審查
S2002151,立竑預拌股份有限公司,2014年第2季,,公噸,2.837,公噸,,公噸,,公噸,完成年申報審查
S1807321,石安水泥製品實業股份有限公司美濃廠,2014年第2季,,公噸,0.855,公噸,,公噸,,公噸,完成年申報審查
S1807189,艾鎂企業股份有限公司-高雄廠,2014年第2季,,公噸,2.534,公噸,,公噸,,公噸,完成年申報審查
S1807161,石裕砂石行,2014年第2季,,公噸,63.376,公噸,,公噸,,公噸,完成年申報審查
S1803252,威勳企業股份有限公司美濃廠,2014年第2季,,公噸,0,公噸,,公噸,,公噸,完成年申報審查
S1802764,榮工實業股份有限公司,2014年第2季,,公噸,0,公噸,,公噸,,公噸,完成年申報審查
S1701904,祥裕砂石股份有限公司,2014年第2季,,公噸,17.69,公噸,,公噸,,公噸,完成年申報審查
S1603752,聯銘橡膠工業股份有限公司,2014年第2季,,公噸,0.007,公噸,,公噸,,公噸,完成年申報審查
S1602700,嘉華盛科技股份有限公司,2014年第2季,,公噸,0.229,公噸,,公噸,,公噸,完成年申報審查
S1503220,中美水泥製品股份有限公司,2014年第2季,,公噸,1.932,公噸,,公噸,,公噸,完成年申報審查
Q8103026,掌石企業股份有限公司番路廠,2014年第2季,,公噸,0.573,公噸,,公噸,,公噸,完成補件
P6004278,益邦企業社,2014年第2季,,公噸,1.213,公噸,,公噸,,公噸,完成年申報審查
P5802163,禾暉水泥實業有限公司,2014年第2季,,公噸,0.357,公噸,,公噸,,公噸,完成年申報審查
P5503192,溫河砂石有限公司,2014年第2季,,公噸,0.22,公噸,,公噸,,公噸,完成年申報審查
P4805213,朝興企業行,2014年第2季,,公噸,2.172,公噸,,公噸,,公噸,完成年申報審查
P46A3865,合利發土資科技有限公司,2014年第2季,,公噸,0.822,公噸,,公噸,,公噸,完成年申報審查
N2900810,合作混凝土股份有限公司,2014年第2季,,公噸,1.27,公噸,,公噸,,公噸,完成補件
L9995124,聚豐砂石企業股份有限公司,2014年第2季,,公噸,5.82,公噸,,公噸,,公噸,完成年申報審查
L9900036,民峰實業股份有限公司大安一廠,2014年第2季,,公噸,1.257,公噸,,公噸,,公噸,完成年申報審查
L9803756,全泰砂石股份有限公司外埔廠,2014年第2季,,公噸,2.258,公噸,,公噸,,公噸,完成年申報審查
L9703055,增泰砂石股份有限公司石岡廠,2014年第2季,,公噸,2.413,公噸,,公噸,,公噸,完成年申報審查
L9700143,信昌砂石行,2014年第2季,,公噸,13.903,公噸,,公噸,,公噸,完成年申報審查
L9700107,廣達混凝土股份有限公司石岡廠,2014年第2季,,公噸,2.717,公噸,,公噸,,公噸,完成年申報審查
L9505684,天台砂石股份有限公司,2014年第2季,,公噸,1.166,公噸,,公噸,,公噸,完成年申報審查
L9505595,廣獲企業有限公司,2014年第2季,,公噸,6.791,公噸,,公噸,,公噸,完成年申報審查
L9502263,民峰實業股份有限公司大雅預拌混凝土廠,2014年第2季,,公噸,2.122,公噸,,公噸,,公噸,完成年申報審查
L9307053,夆孟企業有限公司,2014年第2季,,公噸,1.338,公噸,,公噸,,公噸,完成年申報審查
L9303108,臺中市豐洲堤防公有土石方資源堆置處理場,2014年第2季,,公噸,3.446,公噸,,公噸,,公噸,完成年申報審查
L9303064,財石砂石有限公司,2014年第2季,,公噸,1.73,公噸,,公噸,,公噸,完成年申報審查
L9301702,伸太田工業股份有限公司,2014年第2季,,公噸,8.492,公噸,,公噸,,公噸,完成年申報審查
L9205009,瑞光砂石有限公司后里廠,2014年第2季,,公噸,0,公噸,,公噸,,公噸,完成年申報審查
L9201083,利吉砂石場,2014年第2季,,公噸,4.848,公噸,,公噸,,公噸,完成年申報審查
L9200979,麗美砂石企業有限公司,2014年第2季,,公噸,0,公噸,,公噸,,公噸,完成年申報審查
L91A2348,大聖交通股份有限公司,2014年第2季,,公噸,2.666,公噸,,公噸,,公噸,完成年申報審查
L91A2041,大邦交通有限公司,2014年第2季,,公噸,4.227,公噸,,公噸,,公噸,完成年申報審查
L91A1548,德隆倉儲裝卸股份有限公司(第二臨時堆置場),2014年第2季,,公噸,0.303,公噸,,公噸,,公噸,完成年申報審查
L91A1271,德隆倉儲裝卸股份有限公司(第一臨時堆置場),2014年第2季,,公噸,1.605,公噸,,公噸,,公噸,完成年申報審查
L91A0887,業信企業股份有限公司(臨時堆置廠),2014年第2季,,公噸,5.177,公噸,,公噸,,公噸,完成年申報審查
L9104132,昇佑企業有限公司,2014年第2季,,公噸,3.324,公噸,,公噸,,公噸,完成年申報審查
L9102209,大信砂石股份有限公司臨時堆置場,2014年第2季,,公噸,12.855,公噸,,公噸,,公噸,完成年申報審查
L9102138,盛記企業股份有限公司,2014年第2季,,公噸,0.199,公噸,,公噸,,公噸,完成年申報審查
L9101766,民峰實業股份有限公司梧棲預拌混凝土廠,2014年第2季,,公噸,5.613,公噸,,公噸,,公噸,完成年申報審查
L8904165,泰田實業股份有限公司一廠,2014年第2季,,公噸,12.939,公噸,,公噸,,公噸,完成年申報審查
L8901744,大信砂石股份有限公司,2014年第2季,,公噸,17.295,公噸,,公噸,,公噸,完成年申報審查
L8900210,洽發企業股份有限公司,2014年第2季,,公噸,0,公噸,,公噸,,公噸,完成年申報審查
L88A0195,大谷土石方資源堆置場,2014年第2季,,公噸,0,公噸,,公噸,,公噸,完成年申報審查
L8807018,志昆實業有限公司,2014年第2季,,公噸,0,公噸,,公噸,,公噸,完成年申報審查
L8803074,大丰砂石股份有限公司大安廠,2014年第2季,,公噸,0,公噸,,公噸,,公噸,完成年申報審查
L8802693,六磊實業股份有限公司一廠,2014年第2季,,公噸,6.149,公噸,,公噸,,公噸,完成年申報審查
L0695016,營量企業有限公司,2014年第2季,,公噸,2.383,公噸,,公噸,,公噸,完成年申報審查
L0600106,萬中砂石行,2014年第2季,,公噸,0.385,公噸,,公噸,,公噸,完成年申報審查
L0506863,英銓實業有限公司大里廠,2014年第2季,,公噸,10.48,公噸,,公噸,,公噸,完成年申報審查
L0501797,中來工業股份有限公司,2014年第2季,,公噸,8.618,公噸,,公噸,,公噸,完成年申報審查
L0500585,巨力混凝土工業股份有限公司大里廠,2014年第2季,,公噸,9.216,公噸,,公噸,,公噸,完成年申報審查
L04A0757,承鼎源砂石業股份有限公司,2014年第2季,,公噸,0.865,公噸,,公噸,,公噸,完成年申報審查
L0408559,良全預拌混凝土股份有限公司,2014年第2季,,公噸,4.925,公噸,,公噸,,公噸,完成年申報審查
L0402271,興威股份有限公司太平廠,2014年第2季,,公噸,3.709,公噸,,公噸,,公噸,完成年申報審查
L0308045,誌建企業股份有限公司,2014年第2季,,公噸,4.077,公噸,,公噸,,公噸,完成年申報審查
L02A2862,紘碁實業有限公司,2014年第2季,,公噸,0,公噸,,公噸,,公噸,完成年申報審查
L02A1458,中聯資源股份有限公司南堤廠,2014年第2季,,公噸,10.916,公噸,,公噸,,公噸,完成年申報審查
L0205745,業信企業股份有限公司,2014年第2季,,公噸,0.651,公噸,,公噸,,公噸,完成年申報審查
L0205236,立勝土石方資源堆置處理場,2014年第2季,,公噸,0.401,公噸,,公噸,,公噸,完成年申報審查
L0205147,大盛環保股份有限公司,2014年第2季,,公噸,1.9,公噸,,公噸,,公噸,完成年申報審查
L0200464,台灣電力股份有限公司台中發電廠﹝麗水場區貯煤場﹞,2014年第2季,,公噸,15.72,公噸,,公噸,,公噸,完成年申報審查
L0200357,廣泰展業有限公司,2014年第2季,,公噸,0.283,公噸,,公噸,,公噸,完成年申報審查
L01A0356,錢宏興業有限公司大肚廠,2014年第2季,,公噸,6.199,公噸,,公噸,,公噸,完成年申報審查
L0101180,國產實業建設股份有限公司大肚廠,2014年第2季,,公噸,1.38,公噸,,公噸,,公噸,完成年申報審查
L0100254,台灣水泥股份有限公司台中水泥製品廠大肚分廠,2014年第2季,,公噸,4.427,公噸,,公噸,,公噸,完成年申報審查
L00A2050,己力企業有限公司,2014年第2季,,公噸,1,公噸,,公噸,,公噸,完成年申報審查
L00A1983,益郁實業有限公司,2014年第2季,,公噸,1.818,公噸,,公噸,,公噸,完成年申報審查
L00A1943,威晨有限公司,2014年第2季,,公噸,2.536,公噸,,公噸,,公噸,完成年申報審查
L00A0222,溪尾科技股份有限公司,2014年第2季,,公噸,2.517,公噸,,公噸,,公噸,完成年申報審查
L0054435,台崧混凝土有限公司分廠,2014年第2季,,公噸,5.563,公噸,,公噸,,公噸,完成年申報審查
L0054239,中港砂石企業股份有限公司,2014年第2季,,公噸,17.965,公噸,,公噸,,公噸,完成年申報審查
L0000204,東陽穀物股份有限公司,2014年第2季,,公噸,12.526,公噸,,公噸,,公噸,完成年申報審查
L0000053,環球混凝土工業股份有限公司,2014年第2季,,公噸,2.377,公噸,,公噸,,公噸,完成年申報審查
K8400062,晶發砂石股份有限公司,2014年第2季,,公噸,0.159,公噸,,公噸,,公噸,完成年申報審查
K8303120,幸福有限公司,2014年第2季,,公噸,0.656,公噸,,公噸,,公噸,完成年申報審查
K8300192,嘉德混凝土股份有限公司,2014年第2季,,公噸,2.034,公噸,,公噸,,公噸,完成年申報審查
K8300110,建通砂石廠,2014年第2季,,公噸,0,公噸,,公噸,,公噸,完成年申報審查
K8201167,平順混凝土股份有限公司,2014年第2季,,公噸,3.085,公噸,,公噸,,公噸,完成年申報審查
K8195075,長信環保工程有限公司一廠,2014年第2季,,公噸,3.23,公噸,,公噸,,公噸,完成年申報審查
K8003287,鍵凡企業有限公司,2014年第2季,,公噸,0.391,公噸,,公噸,,公噸,完成年申報審查
K8000508,甲騰企業有限公司,2014年第2季,,公噸,4.394,公噸,,公噸,,公噸,完成年申報審查
K8000400,立益工業股份有限公司,2014年第2季,,公噸,3.194,公噸,,公噸,,公噸,完成年申報審查
K8000357,中埔混凝土股份有限公司,2014年第2季,,公噸,0,公噸,,公噸,,公噸,完成年申報審查
K7705684,佳生企業有限公司,2014年第2季,,公噸,0.911,公噸,,公噸,,公噸,完成年申報審查
K7704990,恒笙土資場,2014年第2季,,公噸,2.848,公噸,,公噸,,公噸,完成年申報審查
K7704963,上安砂石有限公司,2014年第2季,,公噸,0.035,公噸,,公噸,,公噸,完成年申報審查
K7704936,富佑土資場有限公司,2014年第2季,,公噸,2.142,公噸,,公噸,,公噸,完成年申報審查
K7704927,福宏土資場股份有限公司,2014年第2季,,公噸,0.707,公噸,,公噸,,公噸,完成年申報審查
K7701202,國順預拌混凝土股份有限公司苗栗廠,2014年第2季,,公噸,1.729,公噸,,公噸,,公噸,完成年申報審查
K7700830,福宏實業股份有限公司,2014年第2季,,公噸,1.482,公噸,,公噸,,公噸,完成年申報審查
K7700741,振翔股份有限公司,2014年第2季,,公噸,1.97,公噸,,公噸,,公噸,完成年申報審查
K7700732,源昌砂石股份有限公司,2014年第2季,,公噸,3.797,公噸,,公噸,,公噸,完成年申報審查
K7700723,國翔砂石工業股份有限公司,2014年第2季,,公噸,0.966,公噸,,公噸,,公噸,完成年申報審查
K7700661,國產建材實業股份有限公司苗栗廠,2014年第2季,,公噸,1.677,公噸,,公噸,,公噸,完成年申報審查
K7604468,明原矽砂有限公司,2014年第2季,,公噸,0.102,公噸,,公噸,,公噸,完成年申報審查
K7600899,福基矽砂股份有限公司,2014年第2季,,公噸,0.501,公噸,,公噸,,公噸,完成年申報審查
K7600853,南岡企業股份有限公司,2014年第2季,,公噸,0.224,公噸,,公噸,,公噸,完成年申報審查
K7503135,協鑫混凝土股份有限公司,2014年第2季,,公噸,1.368,公噸,,公噸,,公噸,完成年申報審查
K7400193,正和砂石開發工業股份有限公司,2014年第2季,,公噸,0,公噸,,公噸,,公噸,完成年申報審查
K7400102,統日實業股份有限公司,2014年第2季,,公噸,5.565,公噸,,公噸,,公噸,完成年申報審查
K73A0243,長增工程有限公司,2014年第2季,,公噸,0.846,公噸,,公噸,,公噸,完成年申報審查
K73A0124,錦鋒混凝土股份有限公司,2014年第2季,,公噸,3.779,公噸,,公噸,,公噸,完成年申報審查
K7305620,昱新企業社,2014年第2季,,公噸,0,公噸,,公噸,,公噸,完成年申報審查
K7305399,長信環保工程有限公司,2014年第2季,,公噸,0.5,公噸,,公噸,,公噸,完成年申報審查
K7305371,西湖混凝土有限公司,2014年第2季,,公噸,1.164,公噸,,公噸,,公噸,完成年申報審查
K7305362,立順興資源科技股份有限公司,2014年第2季,,公噸,5.241,公噸,,公噸,,公噸,完成年申報審查
K72A0307,弘喬有限公司,2014年第2季,,公噸,0.091,公噸,,公噸,,公噸,完成年申報審查
K7206944,志竹實業有限公司,2014年第2季,,公噸,0,公噸,,公噸,,公噸,完成年申報審查
K7201430,佾泰企業股份有限公司,2014年第2季,,公噸,4.873,公噸,,公噸,,公噸,完成年申報審查
K71A2477,上禹水泥製品股份有限公司,2014年第2季,,公噸,2.11,公噸,,公噸,,公噸,完成年申報審查
K71A1934,國順預拌混凝土股份有限公司苗栗分公司竹南廠,2014年第2季,,公噸,0.989,公噸,,公噸,,公噸,完成年申報審查
K6900881,協發企業股份有限公司,2014年第2季,,公噸,1.064,公噸,,公噸,,公噸,完成年申報審查
K6900658,得營砂石實業有限公司,2014年第2季,,公噸,0.603,公噸,,公噸,,公噸,完成年申報審查
K6801392,頭份混凝土有限公司,2014年第2季,,公噸,0.067,公噸,,公噸,,公噸,完成年申報審查
J6203491,元鑫工程有限公司(榮大土石方既有處理場所),2014年第2季,,公噸,9.823,公噸,,公噸,,公噸,完成年申報審查
J6200196,建潮實業股份有限公司,2014年第2季,,公噸,1.017,公噸,,公噸,,公噸,完成年申報審查
J6200187,發興建材股份有限公司,2014年第2季,,公噸,9.53,公噸,,公噸,,公噸,完成年申報審查
J6200169,榮大砂石股份有限公司,2014年第2季,,公噸,5.19,公噸,,公噸,,公噸,完成年申報審查
J61A0890,全民土石方加工處理廠,2014年第2季,,公噸,3.59,公噸,,公噸,,公噸,完成年申報審查
J6000570,尖石工業股份有限公司橫山廠,2014年第2季,,公噸,4.93,公噸,,公噸,,公噸,完成年申報審查
J6000203,嵩益股份有限公司,2014年第2季,,公噸,15.288,公噸,,公噸,,公噸,完成年申報審查
J59A3939,永協企業股份有限公司,2014年第2季,,公噸,1.558,公噸,,公噸,,公噸,完成年申報審查
J59A3226,鼎新行,2014年第2季,,公噸,1.049,公噸,,公噸,,公噸,完成年申報審查
J58A2243,凱程工業股份有限公司,2014年第2季,,公噸,1.699,公噸,,公噸,,公噸,完成年申報審查
J5805277,大山土石股份有限公司,2014年第2季,,公噸,6.5,公噸,,公噸,,公噸,完成年申報審查
J5800692,怡星企業股份有限公司,2014年第2季,,公噸,0,公噸,,公噸,,公噸,完成年申報審查
J5800674,詠炬企業股份有限公司,2014年第2季,,公噸,3.792,公噸,,公噸,,公噸,完成年申報審查
J5800665,石樺企業股份有限公司,2014年第2季,,公噸,5.32,公噸,,公噸,,公噸,完成年申報審查
J55A1230,益廣達實業股份有限公司,2014年第2季,,公噸,1.204,公噸,,公噸,,公噸,完成年申報審查
J5500482,和暉實業股份有限公司,2014年第2季,,公噸,0.977,公噸,,公噸,,公噸,完成年申報審查
H53A1405,北礦實業股份有限公司,2014年第2季,,公噸,0,公噸,,公噸,,公噸,完成年申報審查
H5387913,新品資源科技股份有限公司觀音廠,2014年第2季,,公噸,0.19,公噸,,公噸,,公噸,完成年申報審查
H5380487,上福土石方資源有限公司,2014年第2季,,公噸,5.54,公噸,,公噸,,公噸,完成年申報審查
H5380432,保障實業有限公司,2014年第2季,,公噸,0.61,公噸,,公噸,,公噸,完成年申報審查
H5301502,白玉砂石股份有限公司,2014年第2季,,公噸,1.866,公噸,,公噸,,公噸,完成年申報審查
H52A2389,祐杰實業有限公司,2014年第2季,,公噸,0.11,公噸,,公噸,,公噸,完成年申報審查
H52A0591,佰歲興業股份有限公司新屋廠,2014年第2季,,公噸,3.024,公噸,,公噸,,公噸,完成年申報審查
H5201374,鼎鐘實業行,2014年第2季,,公噸,4.32,公噸,,公噸,,公噸,完成年申報審查
H5201365,巨讚實業有限公司,2014年第2季,,公噸,2.658,公噸,,公噸,,公噸,完成年申報審查
H5200626,台灣水泥股份有限公司台北水泥製品廠中壢分廠,2014年第2季,,公噸,6.267,公噸,,公噸,,公噸,完成年申報審查
H5103757,祥鑫興業股份有限公司,2014年第2季,,公噸,3.134,公噸,,公噸,,公噸,完成年申報審查
H5006986,康地建材有限公司龍潭廠,2014年第2季,,公噸,3.088,公噸,,公噸,,公噸,完成年申報審查
H5006039,來鑫工業股份有限公司,2014年第2季,,公噸,0.116,公噸,,公噸,,公噸,完成年申報審查
H5005710,新三亞預拌混凝土廠股份有限公司,2014年第2季,,公噸,5.69,公噸,,公噸,,公噸,完成年申報審查
H49A6372,慶龍預拌混凝土股份有限公司八德廠,2014年第2季,,公噸,0.343,公噸,,公噸,,公噸,完成年申報審查
H49A6283,新群鼎實業有限公司八德廠,2014年第2季,,公噸,1.405,公噸,,公噸,,公噸,完成年申報審查
H49A4752,財嘉昌有限公司,2014年第2季,,公噸,11.614,公噸,,公噸,,公噸,完成年申報審查
H4904134,台灣水泥股份有限公司台北水泥製品廠八德分廠,2014年第2季,,公噸,11.531,公噸,,公噸,,公噸,完成年申報審查
H4801923,亞東預拌混凝土股份有限公司林口廠,2014年第2季,,公噸,1.449,公噸,,公噸,,公噸,完成年申報審查
H47A6134,大園預拌混凝土股份有限公司,2014年第2季,,公噸,2.87,公噸,,公噸,,公噸,完成年申報審查
H47A1174,桃園市政府(公共工程營建剩餘土石方暫屯及調配場),2014年第2季,,公噸,0,公噸,,公噸,,公噸,完成年申報審查
H4708221,銘宏億企業有限公司,2014年第2季,,公噸,1.079,公噸,,公噸,,公噸,完成年申報審查
H4707993,泰暘砂石有限公司,2014年第2季,,公噸,10.58,公噸,,公噸,,公噸,完成年申報審查
H4702014,國業砂石企業有限公司,2014年第2季,,公噸,0.187,公噸,,公噸,,公噸,完成年申報審查
H46A7315,昱霖金屬有限公司,2014年第2季,,公噸,0.56,公噸,,公噸,,公噸,完成年申報審查
H4640635,石繶工業股份有限公司,2014年第2季,,公噸,0.304,公噸,,公噸,,公噸,完成年申報審查
H4639990,詠源實業有限公司,2014年第2季,,公噸,3.05,公噸,,公噸,,公噸,完成年申報審查
H4606197,國產建材實業股份有限公司蘆竹二廠,2014年第2季,,公噸,3.632,公噸,,公噸,,公噸,完成年申報審查
H4603301,慶龍預拌混凝土股份有限公司,2014年第2季,,公噸,1.418,公噸,,公噸,,公噸,完成年申報審查
H4603196,新群鼎實業有限公司蘆竹廠,2014年第2季,,公噸,1.76,公噸,,公噸,,公噸,完成年申報審查
H4602699,全國砂石廠,2014年第2季,,公噸,7.343,公噸,,公噸,,公噸,完成年申報審查
H4601076,台灣水泥股份有限公司台北水泥製品廠桃園分廠,2014年第2季,,公噸,3.679,公噸,,公噸,,公噸,完成年申報審查
H4600097,嘉利實業股份有限公司桃園廠,2014年第2季,,公噸,3.897,公噸,,公噸,,公噸,完成年申報審查
H45A6342,和昌國際工業股份有限公司楊梅廠,2014年第2季,,公噸,0.85,公噸,,公噸,,公噸,完成年申報審查
H45A3160,順發水泥製品有限公司楊梅廠,2014年第2季,,公噸,1.037,公噸,,公噸,,公噸,完成年申報審查
H45A0839,新品資源科技股份有限公司,2014年第2季,,公噸,3.074,公噸,,公噸,,公噸,完成年申報審查
H45A0314,亞東預拌混凝土股份有限公司桃園廠,2014年第2季,,公噸,0.971,公噸,,公噸,,公噸,完成年申報審查
H4508927,大陸營建廢棄物共同清除處理股份有限公司,2014年第2季,,公噸,2.884,公噸,,公噸,,公噸,完成年申報審查
H4500672,聯華實業股份有限公司富岡工廠,2014年第2季,,公噸,16.797,公噸,,公噸,,公噸,完成年申報審查
H44A1872,良邦建材有限公司大溪廠,2014年第2季,,公噸,3.481,公噸,,公噸,,公噸,完成年申報審查
H4405761,茂基興業股份有限公司,2014年第2季,,公噸,7.752,公噸,,公噸,,公噸,完成年申報審查
H4402760,台榮興業股份有限公司,2014年第2季,,公噸,1.4,公噸,,公噸,,公噸,完成年申報審查
H4401030,漢嵩實業股份有限公司大溪廠,2014年第2季,,公噸,8.326,公噸,,公噸,,公噸,完成年申報審查
H4307064,慶隆預拌混凝土股份有限公司,2014年第2季,,公噸,0.395,公噸,,公噸,,公噸,完成年申報審查
H4302729,嘉利實業股份有限公司中壢廠,2014年第2季,,公噸,12.12,公噸,,公噸,,公噸,完成年申報審查
H4205967,新生產業股份有限公司豐林麵粉廠,2014年第2季,,公噸,1.942,公噸,,公噸,,公噸,完成年申報審查
G4103214,潤泰精密材料股份有限公司蘭崁礦區,2014年第2季,,公噸,89.33,公噸,,公噸,,公噸,完成年申報審查
G4103063,東來欣股份有限公司,2014年第2季,,公噸,0,公噸,,公噸,,公噸,完成年申報審查
G4100035,信大水泥股份有限公司南聖湖廠(礦區),2014年第2季,,公噸,23.93,公噸,,公噸,,公噸,完成年申報審查
G3903461,中國開發股份有限公司宜蘭廠,2014年第2季,,公噸,20.068,公噸,,公噸,,公噸,完成年申報審查
G3903238,咸臨有限公司,2014年第2季,,公噸,0.902,公噸,,公噸,,公噸,完成年申報審查
G3903167,勢鴻有限公司,2014年第2季,,公噸,1.209,公噸,,公噸,,公噸,完成年申報審查
G3903078,宜蘭縣政府-公共造產營建剩餘土石方堆置處理場,2014年第2季,,公噸,0.527,公噸,,公噸,,公噸,完成年申報審查
G3900326,耕盈行,2014年第2季,,公噸,4.197,公噸,,公噸,,公噸,完成年申報審查
G3900308,榮民工程股份有限公司羅東工廠,2014年第2季,,公噸,1.562,公噸,,公噸,,公噸,完成年申報審查
G3900175,富鋒產業股份有限公司,2014年第2季,,公噸,9.474,公噸,,公噸,,公噸,完成年申報審查
G3900166,喬洲開發股份有限公司,2014年第2季,,公噸,11.1,公噸,,公噸,,公噸,完成年申報審查
G3900157,清石石材企業股份有限公司大洲廠,2014年第2季,,公噸,3.587,公噸,,公噸,,公噸,完成年申報審查
G3900148,茂豐企業股份有限公司,2014年第2季,,公噸,12.719,公噸,,公噸,,公噸,完成年申報審查
G3900120,宜東砂石股份有限公司,2014年第2季,,公噸,8.603,公噸,,公噸,,公噸,完成年申報審查
G3604614,蘭陽溪砂石商行有限公司,2014年第2季,,公噸,2.727,公噸,,公噸,,公噸,完成年申報審查
G3603242,德石砂石有限公司-土石方資源堆置轉運場,2014年第2季,,公噸,1.077,公噸,,公噸,,公噸,完成年申報審查
G3600625,泉海實業股份有限公司,2014年第2季,,公噸,2.299,公噸,,公噸,,公噸,完成年申報審查
G3600492,建坤實業社,2014年第2季,,公噸,1.047,公噸,,公噸,,公噸,完成年申報審查
G3600483,晉城建設實業有限公司,2014年第2季,,公噸,2.162,公噸,,公噸,,公噸,完成年申報審查
G3600456,川寶建材股份有限公司宜蘭廠,2014年第2季,,公噸,16.671,公噸,,公噸,,公噸,完成年申報審查
G3600376,地石有限公司,2014年第2季,,公噸,3.832,公噸,,公噸,,公噸,完成年申報審查
G32A0362,宜宬開發有限公司蘇澳廠,2014年第2季,,公噸,0.017,公噸,,公噸,,公噸,完成年申報審查
G32A0114,宜興預拌混凝土股份有限公司聖湖土石碎解洗選廠,2014年第2季,,公噸,4.127,公噸,,公噸,,公噸,完成年申報審查
G3202370,蘇澳石礦股份有限公司蘇澳礦場,2014年第2季,,公噸,0,公噸,,公噸,,公噸,完成年申報審查
G3202147,台灣水泥股份有限公司(太白山大理石礦區),2014年第2季,,公噸,33.647,公噸,,公噸,,公噸,完成年申報審查
F2103286,瀛豐實業股份有限公司三芝廠,2014年第2季,,公噸,1.764,公噸,,公噸,,公噸,完成年申報審查
F17A3954,億和興企業股份有限公司-林口電廠更新擴建計畫-出水口導流堤、北防波堤、卸煤碼頭、聯,2014年第2季,,公噸,0.461,公噸,,公噸,,公噸,完成年申報審查
F1707100,淳家國際股份有限公司(土石方資源堆置場),2014年第2季,,公噸,1.596,公噸,,公噸,,公噸,完成年申報審查
F1706185,陽光城市開發股份有限公司,2014年第2季,,公噸,1.58,公噸,,公噸,,公噸,完成年申報審查
F1303175,亞東預拌混凝土股份有限公司土城廠,2014年第2季,,公噸,2.715,公噸,,公噸,,公噸,完成年申報審查
F11A4180,宏翎砂石有限公司,2014年第2季,,公噸,0,公噸,,公噸,,公噸,完成年申報審查
F1100629,亞東預拌混凝土股份有限公司汐止廠,2014年第2季,,公噸,2.613,公噸,,公噸,,公噸,完成年申報審查
F0901355,合興預拌混凝土股份有限公司預拌廠,2014年第2季,,公噸,0.901,公噸,,公噸,,公噸,完成年申報審查
F08A2066,台富水泥製品股份有限公司鶯歌廠,2014年第2季,,公噸,0.955,公噸,,公噸,,公噸,完成年申報審查
F0813850,全民企業社,2014年第2季,,公噸,1.178,公噸,,公噸,,公噸,完成年申報審查
F0725257,遠嘉實業有限公司-遠嘉土石方資源堆置處理場,2014年第2季,,公噸,0.216,公噸,,公噸,,公噸,完成年申報審查
F05A0708,慶康實業股份有限公司,2014年第2季,,公噸,0.165,公噸,,公噸,,公噸,完成年申報審查
E56A6431,中工機械股份有限公司(高雄港洲際二期預拌廠),2014年第2季,,公噸,2.564,公噸,,公噸,,公噸,完成年申報審查
E5607868,中聯資源股份有限公司利昌廠,2014年第2季,,公噸,6.73,公噸,,公噸,,公噸,完成年申報審查
E5607108,友成石灰工廠股份有限公司,2014年第2季,,公噸,3.728,公噸,,公噸,,公噸,完成年申報審查
E5606496,大地亮環保服務有限公司,2014年第2季,,公噸,3.325,公噸,,公噸,,公噸,完成年申報審查
E5604143,嘉信遊艇股份有限公司,2014年第2季,,公噸,0.002,公噸,,公噸,,公噸,完成年申報審查
E5604134,台協化學股份有限公司大業廠,2014年第2季,,公噸,1.32,公噸,,公噸,,公噸,完成年申報審查
E5602747,台灣水泥股份有限公司鼓山水泥製品廠小港分廠,2014年第2季,,公噸,0.95,公噸,,公噸,,公噸,完成年申報審查
E5602283,國產實業建設股份有限公司小港廠,2014年第2季,,公噸,1.253,公噸,,公噸,,公噸,完成年申報審查
E5601026,太爺企業股份有限公司,2014年第2季,,公噸,0.305,公噸,,公噸,,公噸,完成年申報審查
E5407064,亞東預拌混凝土股份有限公司小港廠,2014年第2季,,公噸,1.069,公噸,,公噸,,公噸,完成年申報審查
E4800525,國產實業建設股份有限公司高雄廠,2014年第2季,,公噸,1.775,公噸,,公噸,,公噸,完成年申報審查
E4700342,台灣水泥股份有限公司鼓山水泥製品廠,2014年第2季,,公噸,14.189,公噸,,公噸,,公噸,完成年申報審查
E2900782,隆興鋼鐵工業股份有限公司,2014年第2季,,公噸,0,公噸,,公噸,,公噸,完成年申報審查
E2000036,東南亞混凝土股份有限公司,2014年第2季,,公噸,0.02,公噸,,公噸,,公噸,完成年申報審查
E1900206,立竑預拌股份有限公司林園廠,2014年第2季,,公噸,4.326,公噸,,公噸,,公噸,完成年申報審查
B9400295,亞東預拌混凝土股份有限公司潭子廠,2014年第2季,,公噸,6.112,公噸,,公噸,,公噸,完成年申報審查
B9301037,國鈞砂石企業股份有限公司,2014年第2季,,公噸,0,公噸,,公噸,,公噸,完成年申報審查
B2502250,強琳環保工程有限公司,2014年第2季,,公噸,0.689,公噸,,公噸,,公噸,完成年申報審查
B24A6727,寶文股份有限公司,2014年第2季,,公噸,6.801,公噸,,公噸,,公噸,完成年申報審查
B2408837,統發工程行(統發營建剩餘土石方資源堆置處理場),2014年第2季,,公噸,9.12,公噸,,公噸,,公噸,完成年申報審查
B2408775,寶仁土石開發有限公司,2014年第2季,,公噸,10.55,公噸,,公噸,,公噸,完成年申報審查
B2402406,廣達混凝土股份有限公司,2014年第2季,,公噸,4.115,公噸,,公噸,,公噸,完成年申報審查
B2313904,甲東洋土股份有限公司,2014年第2季,,公噸,6.029,公噸,,公噸,,公噸,完成年申報審查
B2305126,總茂環保股份有限公司,2014年第2季,,公噸,1.116,公噸,,公噸,,公噸,完成年申報審查
B2303275,亞東預拌混凝土股份有限公司台中廠,2014年第2季,,公噸,2.882,公噸,,公噸,,公噸,完成年申報審查
B0100114,錢宏興業有限公司二廠,2014年第2季,,公噸,3.196,公噸,,公噸,,公噸,完成年申報審查
B0000182,億華砂石有限公司,2014年第2季,,公噸,5.186,公噸,,公噸,,公噸,完成年申報審查
A4500019,台灣水泥股份有限公司台北水泥製品廠,2014年第2季,,公噸,2.547,公噸,,公噸,,公噸,完成年申報審查
A44A2601,磬鴻有限公司,2014年第2季,,公噸,1.22,公噸,,公噸,,公噸,完成年申報審查
A44A0873,國際土石方資源堆置處理場,2014年第2季,,公噸,3.603,公噸,,公噸,,公噸,完成年申報審查
A4405822,亞太營建工程賸餘土石方及營建混合物資源處理場,2014年第2季,,公噸,3.943,公噸,,公噸,,公噸,完成年申報審查
A4405153,德展土石方及營建混合物處理場,2014年第2季,,公噸,1.132,公噸,,公噸,,公噸,完成年申報審查
A4404254,希望城堡土石方及營建混合物資源處理場,2014年第2季,,公噸,9.663,公噸,,公噸,,公噸,完成年申報審查
A4304464,裕豪土石方資源處理場,2014年第2季,,公噸,3.833,公噸,,公噸,,公噸,完成年申報審查
A4004950,好名企業有限公司,2014年第2季,,公噸,7.566,公噸,,公噸,,公噸,完成補件
Z6600019,台灣電力股份有限公司馬祖區營業處-東引電廠,2014年第1季,,公噸,0.679,公噸,,公噸,,公噸,申報補件
Z6503042,台灣電力股份有限公司馬祖區營業處-西莒電廠,2014年第1季,,公噸,0.287,公噸,,公噸,,公噸,申報補件
Z6400019,台灣電力(股)公司協和發電廠馬祖珠山分廠-北竿機組,2014年第1季,,公噸,0.002,公噸,,公噸,,公噸,申報補件
Z6300023,台灣電力股份有限公司馬祖區營業處-南竿電廠,2014年第1季,,公噸,0.635,公噸,,公噸,,公噸,申報補件
V8703076,東山砂石股份有限公司,2014年第1季,,公噸,0.555,公噸,,公噸,,公噸,完成年申報審查
V75A7842,宏騰砂石有限公司,2014年第1季,,公噸,2.404,公噸,,公噸,,公噸,完成年申報審查
T42A5011,里一實業有限公司屏東堆置場,2014年第1季,,公噸,0.391,公噸,,公噸,,公噸,完成補件
T42A3005,里一實業有限公司,2014年第1季,,公噸,0.214,公噸,,公噸,,公噸,完成補件
S3401096,螢建有限公司,2014年第1季,,公噸,0.267,公噸,,公噸,,公噸,完成年申報審查
S3004695,將嘉實業有限公司,2014年第1季,,公噸,0.931,公噸,,公噸,,公噸,完成年申報審查
S3004131,古板企業有限公司,2014年第1季,,公噸,2.583,公噸,,公噸,,公噸,完成年申報審查
S3001309,環球水泥股份有限公司-湖內堆置場,2014年第1季,,公噸,0.694,公噸,,公噸,,公噸,完成年申報審查
S29A1073,欣鑫砂石行,2014年第1季,,公噸,0.094,公噸,,公噸,,公噸,完成年申報審查
S2907633,國峰生物科技股份有限公司,2014年第1季,,公噸,0.036,公噸,,公噸,,公噸,完成年申報審查
S2603390,鼎泰水泥股份有限公司,2014年第1季,,公噸,0.508,公噸,,公噸,,公噸,完成年申報審查
S2601421,福泰興實業有限公司,2014年第1季,,公噸,1.018,公噸,,公噸,,公噸,完成年申報審查
S2601350,泰成粉廠股份有限公司,2014年第1季,,公噸,3.42,公噸,,公噸,,公噸,完成年申報審查
S2601234,東遠股份有限公司燕巢廠,2014年第1季,,公噸,2.143,公噸,,公噸,,公噸,完成年申報審查
S2601216,今泰企業股份有限公司,2014年第1季,,公噸,4.164,公噸,,公噸,,公噸,完成年申報審查
S2500205,福壽實業股份有限公司高雄廠,2014年第1季,,公噸,12.493,公噸,,公噸,,公噸,完成年申報審查
S23A0144,竑榮實業股份有限公司高雄廠(與管編S23A0123為重覆相同之廠名),2014年第1季,,公噸,0.078,公噸,,公噸,,公噸,完成年申報審查
S22A0901,大眾興業股份有限公司仁武廠,2014年第1季,,公噸,2.255,公噸,,公噸,,公噸,完成年申報審查
S22A0773,億炬實業有限公司仁武廠,2014年第1季,,公噸,1.201,公噸,,公噸,,公噸,完成年申報審查
S2213912,光彌實業股份有限公司,2014年第1季,,公噸,1.38,公噸,,公噸,,公噸,完成年申報審查
S2213681,喬宏興業股份有限公司綠洲土石方資源堆置場,2014年第1季,,公噸,2.746,公噸,,公噸,,公噸,完成年申報審查
S2213510,新世紀環保服務股份有限公司,2014年第1季,,公噸,4.174,公噸,,公噸,,公噸,完成年申報審查
S2212095,光舜興業股份有限公司,2014年第1季,,公噸,0.657,公噸,,公噸,,公噸,完成年申報審查
S2202606,超群混凝土工業股份有限公司,2014年第1季,,公噸,0.606,公噸,,公噸,,公噸,完成年申報審查
S2100992,基成砂石行,2014年第1季,,公噸,0,公噸,,公噸,,公噸,完成年申報審查
S2100072,合吉磚廠股份有限公司,2014年第1季,,公噸,1.24,公噸,,公噸,,公噸,完成年申報審查
S20A4101,地勇選礦股份有限公司萬大廠,2014年第1季,,公噸,0.226,公噸,,公噸,,公噸,完成年申報審查
S20A3420,天山資材股份有限公司,2014年第1季,,公噸,2.828,公噸,,公噸,,公噸,完成年申報審查
S20A3331,地勇選礦股份有限公司大發四廠,2014年第1季,,公噸,1.082,公噸,,公噸,,公噸,完成年申報審查
S20A1979,地勇選礦股份有限公司大發三廠,2014年第1季,,公噸,0,公噸,,公噸,,公噸,完成年申報審查
S20A1731,榮順混凝土有限公司,2014年第1季,,公噸,1.201,公噸,,公噸,,公噸,完成年申報審查
S2090099,凱景實業股份有限公司鳳屏廠,2014年第1季,,公噸,0.091,公噸,,公噸,,公噸,完成年申報審查
S2011829,地勇選礦股份有限公司大發二廠,2014年第1季,,公噸,0.07,公噸,,公噸,,公噸,完成年申報審查
S2011196,永豐建材股份有限公司,2014年第1季,,公噸,8.382,公噸,,公噸,,公噸,完成年申報審查
S2005956,地勇選礦股份有限公司大發廠,2014年第1季,,公噸,0,公噸,,公噸,,公噸,完成年申報審查
S2005803,太爺企業股份有限公司大發廠,2014年第1季,,公噸,0.966,公噸,,公噸,,公噸,完成年申報審查
S2004557,永安建材股份有限公司,2014年第1季,,公噸,7.016,公噸,,公噸,,公噸,完成年申報審查
S2003103,石安水泥製品實業股份有限公司,2014年第1季,,公噸,1.299,公噸,,公噸,,公噸,完成年申報審查
S2002151,立竑預拌股份有限公司,2014年第1季,,公噸,2.92,公噸,,公噸,,公噸,完成年申報審查
S1807321,石安水泥製品實業股份有限公司美濃廠,2014年第1季,,公噸,0.83,公噸,,公噸,,公噸,完成年申報審查
S1807189,艾鎂企業股份有限公司-高雄廠,2014年第1季,,公噸,2.708,公噸,,公噸,,公噸,完成年申報審查
S1807161,石裕砂石行,2014年第1季,,公噸,48.83,公噸,,公噸,,公噸,完成年申報審查
S1803252,威勳企業股份有限公司美濃廠,2014年第1季,,公噸,4.841,公噸,,公噸,,公噸,完成年申報審查
S1802764,榮工實業股份有限公司,2014年第1季,,公噸,12.592,公噸,,公噸,,公噸,完成年申報審查
S1701904,祥裕砂石股份有限公司,2014年第1季,,公噸,21.095,公噸,,公噸,,公噸,完成年申報審查
S1603752,聯銘橡膠工業股份有限公司,2014年第1季,,公噸,0.005,公噸,,公噸,,公噸,完成年申報審查
S1602700,嘉華盛科技股份有限公司,2014年第1季,,公噸,0.271,公噸,,公噸,,公噸,完成年申報審查
S1503220,中美水泥製品股份有限公司,2014年第1季,,公噸,1.636,公噸,,公噸,,公噸,完成年申報審查
Q8103026,掌石企業股份有限公司番路廠,2014年第1季,,公噸,0.733,公噸,,公噸,,公噸,完成補件
Q8100043,欣欣水泥企業股份有限公司嘉義工廠,2014年第1季,,公噸,4.372,公噸,,公噸,,公噸,完成補件
P6004278,益邦企業社,2014年第1季,,公噸,2.177,公噸,,公噸,,公噸,完成年申報審查
P5802163,禾暉水泥實業有限公司,2014年第1季,,公噸,0.556,公噸,,公噸,,公噸,完成年申報審查
P5503192,溫河砂石有限公司,2014年第1季,,公噸,0.393,公噸,,公噸,,公噸,完成年申報審查
P4805213,朝興企業行,2014年第1季,,公噸,2.172,公噸,,公噸,,公噸,完成年申報審查
P46A3865,合利發土資科技有限公司,2014年第1季,,公噸,0.466,公噸,,公噸,,公噸,完成年申報審查
N2900810,合作混凝土股份有限公司,2014年第1季,,公噸,0.88,公噸,,公噸,,公噸,完成補件
L9995124,聚豐砂石企業股份有限公司,2014年第1季,,公噸,5.868,公噸,,公噸,,公噸,完成年申報審查
L9900036,民峰實業股份有限公司大安一廠,2014年第1季,,公噸,1.287,公噸,,公噸,,公噸,完成年申報審查
L9803756,全泰砂石股份有限公司外埔廠,2014年第1季,,公噸,0.95,公噸,,公噸,,公噸,完成年申報審查
L9703055,增泰砂石股份有限公司石岡廠,2014年第1季,,公噸,2.515,公噸,,公噸,,公噸,完成年申報審查
L9700143,信昌砂石行,2014年第1季,,公噸,13.553,公噸,,公噸,,公噸,完成年申報審查
L9700107,廣達混凝土股份有限公司石岡廠,2014年第1季,,公噸,2.569,公噸,,公噸,,公噸,完成年申報審查
L9505684,天台砂石股份有限公司,2014年第1季,,公噸,1.564,公噸,,公噸,,公噸,完成年申報審查
L9505595,廣獲企業有限公司,2014年第1季,,公噸,0,公噸,,公噸,,公噸,完成年申報審查
L9502263,民峰實業股份有限公司大雅預拌混凝土廠,2014年第1季,,公噸,2.392,公噸,,公噸,,公噸,完成年申報審查
L9307053,夆孟企業有限公司,2014年第1季,,公噸,1.561,公噸,,公噸,,公噸,完成年申報審查
L9303108,臺中市豐洲堤防公有土石方資源堆置處理場,2014年第1季,,公噸,2.67,公噸,,公噸,,公噸,完成年申報審查
L9303064,財石砂石有限公司,2014年第1季,,公噸,1.738,公噸,,公噸,,公噸,完成年申報審查
L9301702,伸太田工業股份有限公司,2014年第1季,,公噸,5.584,公噸,,公噸,,公噸,完成年申報審查
L9205009,瑞光砂石有限公司后里廠,2014年第1季,,公噸,0,公噸,,公噸,,公噸,完成年申報審查
L9201083,利吉砂石場,2014年第1季,,公噸,5.264,公噸,,公噸,,公噸,完成年申報審查
L9200979,麗美砂石企業有限公司,2014年第1季,,公噸,0.003,公噸,,公噸,,公噸,完成年申報審查
L91A2348,大聖交通股份有限公司,2014年第1季,,公噸,2.664,公噸,,公噸,,公噸,完成年申報審查
L91A2041,大邦交通有限公司,2014年第1季,,公噸,2.612,公噸,,公噸,,公噸,完成年申報審查
L91A1548,德隆倉儲裝卸股份有限公司(第二臨時堆置場),2014年第1季,,公噸,0.231,公噸,,公噸,,公噸,完成年申報審查
L91A1271,德隆倉儲裝卸股份有限公司(第一臨時堆置場),2014年第1季,,公噸,1.925,公噸,,公噸,,公噸,完成年申報審查
L91A0887,業信企業股份有限公司(臨時堆置廠),2014年第1季,,公噸,1.234,公噸,,公噸,,公噸,完成年申報審查
L9104132,昇佑企業有限公司,2014年第1季,,公噸,4.736,公噸,,公噸,,公噸,完成年申報審查
L9102209,大信砂石股份有限公司臨時堆置場,2014年第1季,,公噸,0.306,公噸,,公噸,,公噸,完成年申報審查
L9102138,盛記企業股份有限公司,2014年第1季,,公噸,1.204,公噸,,公噸,,公噸,完成年申報審查
L9101766,民峰實業股份有限公司梧棲預拌混凝土廠,2014年第1季,,公噸,4.858,公噸,,公噸,,公噸,完成年申報審查
L8904165,泰田實業股份有限公司一廠,2014年第1季,,公噸,13.424,公噸,,公噸,,公噸,完成年申報審查
L8901744,大信砂石股份有限公司,2014年第1季,,公噸,8.41,公噸,,公噸,,公噸,完成年申報審查
L8900210,洽發企業股份有限公司,2014年第1季,,公噸,0,公噸,,公噸,,公噸,完成年申報審查
L88A0195,大谷土石方資源堆置場,2014年第1季,,公噸,0,公噸,,公噸,,公噸,完成年申報審查
L8807018,志昆實業有限公司,2014年第1季,,公噸,0,公噸,,公噸,,公噸,完成年申報審查
L8803074,大丰砂石股份有限公司大安廠,2014年第1季,,公噸,0,公噸,,公噸,,公噸,完成年申報審查
