停水範圍,停水期間,恢復供水時間,查詢電話,發佈期間,發佈區域
安一路、樂一路、西定路、新西街、成功二路、新民路、新生路、中山一、二、三、四路、光華路、太白街、健民街、通仁街、通明街、中華路等偏高地邊遠地區以上各區街路段含各巷弄等範圍。,104年9月23日9時,104年9月23日17時,(02)24245200基隆所,2015/9/15~2015/9/23,203基隆市中山區     204基隆市安樂區     
基隆市安樂區橘郡及壯觀台北社區、七堵區全部(含六堵工業區及百福社區),104年10月6日上午8時,104年10月7日上午7時,(02)24245200基隆所,2015/9/22~2015/10/7,204基隆市安樂區     206基隆市七堵區     
【區域1】新北市蘆洲區信義里 信義路280巷、292巷、302巷;鷺江里 信義路351巷、361巷,2015/05/05 9:0至2015/09/30 16:0【每日上午9點至下午4點】,2015/09/30 16:0以後,(02)22821817,2015/5/11~2015/10/1,247新北市蘆洲區     
【區域1】新北市蘆洲區信義里 信義路280巷、292巷、302巷;鷺江里 信義路351巷、361巷,2015/05/05 9:0至2015/09/30 16:0【每日上午9點至下午4點】,2015/09/30 16:0以後,(02)22821817,2015/5/11~2015/10/1,247新北市蘆洲區     
【區域1】新北市蘆洲區信義里 信義路280巷、292巷、302巷;鷺江里 信義路351巷、361巷,2015/05/05 9:0至2015/09/30 16:0【每日上午9點至下午4點】,2015/09/30 16:0以後,(02)22821817,2015/5/11~2015/10/1,247新北市蘆洲區     
【區域1】新北市蘆洲區信義里 信義路280巷、292巷、302巷;鷺江里 信義路351巷、361巷,2015/05/05 9:0至2015/09/30 16:0【每日上午9點至下午4點】,2015/09/30 16:0以後,(02)22821817,2015/5/11~2015/10/1,247新北市蘆洲區     
【區域1】新北市蘆洲區信義里 信義路280巷、292巷、302巷;鷺江里 信義路351巷、361巷,2015/05/05 9:0至2015/09/30 16:0【每日上午9點至下午4點】,2015/09/30 16:0以後,(02)22821817,2015/5/11~2015/10/1,247新北市蘆洲區     
【區域1】新北市樹林區八德街202巷全部;東豐街全部,2015/07/01 9:0至2015/09/30 19:0【每日上午9點至下午7點】,2015/09/30 19:0以後,,2015/6/30~2015/10/1,238新北市樹林區     
【區域1】新北市樹林區八德街212巷全部;東豐街全部,2015/07/01 9:0至2015/09/30 19:0【每日上午9點至下午7點】,2015/09/30 19:0以後,,2015/6/30~2015/10/1,238新北市樹林區     
【區域1】新北市樹林區八德街212巷全部;東豐街全部;太平路203~228號全部;味王街38號至53號之間{全部},2015/07/01 9:0至2015/09/30 19:0【每日上午9點至下午7點】,2015/09/30 19:0以後,,2015/7/1~2015/10/1,238新北市樹林區     
【停水區域一】台中市潭子區圓通南路(鐵路以東)含巷道;復興路一段,2015/08/17 8:0至2015/09/30 17:0,2015/09/30 17:0以後,04-25722643豐原給水廠,2015/8/6~2015/10/1,427台中市潭子區     
【停水區域一】南投縣國姓鄉長流村;長福村;長豐村;北港村;石門村;國姓村;柑林村;福龜村;乾溝村;北山村;南港村;大石村;大旗村,2015/08/05 9:0至2015/10/27 20:0,2015/10/27 20:0以後,049-2915176,2015/8/6~2015/10/28,544南投縣國姓鄉     
【停水區域一】高雄市岡山區華崗里;嘉興里一帶,2015/09/01 9:0至2015/10/28 18:0,2015/10/28 18:0以後,07-6222814,2015/8/24~2015/10/29,820高雄市岡山區     
【停水區域一】台中市豐原區向陽路惠陽街豐陽路,2015/09/01 8:30至2015/09/30 18:30,2015/09/30 18:30以後,04-25722643,2015/8/25~2015/10/1,420台中市豐原區     
【停水區域一】台中市烏日區溪壩里溪南路一段(分段施工）,2015/08/26 8:30至2015/09/30 17:30,2015/09/30 17:30以後,04-23381614,2015/8/25~2015/10/1,414台中市烏日區     
【停水區域一】台南市楠西區照興里;興北;興南,2015/08/27 8:0至2015/10/26 18:0,2015/10/26 18:0以後,065742323,2015/8/26~2015/10/27,715台南市楠西區     
【停水區域一】台中市豐原區陽明街（含巷弄）;南陽路488巷,2015/08/31 8:30至2015/09/30 18:30,2015/09/30 18:30以後,04-25722643,2015/8/28~2015/10/1,420台中市豐原區     
【停水區域一】台中市豐原區田心里 ;中興里;西勢里;西安里;社皮里;成功路;中興路;西勢路;協力街;社興路;社興1街~社興5街;一心路;西勢1街~西勢6街,2015/08/28 8:0至2015/09/25 17:0,2015/09/25 17:0以後,豐原給水廠 04-25722643,2015/8/28~2015/9/26,420台中市豐原區     
【停水區域一】屏東縣琉球鄉全部村里(因須配合鄉公所各村里活動及四案工程施工期程;供水受影響區域于施工前會先與各村里鄉親機動協調告知;非全面性停水),2015/09/01 8:0至2015/09/30 20:0,2015/09/30 20:0以後,08-8325550,2015/8/31~2015/10/1,929屏東縣琉球鄉     
【停水區域一】南投縣南投市軍功里;軍功路(含巷弄)下雨天不施工順延,2015/09/01 8:30至2015/09/26 18:0,2015/09/26 18:0以後,049-2563505,2015/9/1~2015/9/27,540南投縣南投市     
【停水區域一】台中市大雅區文雅里;中山北路{中山北路與永和路口至中山路口},2015/09/01 9:0至2015/09/30 18:0,2015/09/30 18:0以後,25661234,2015/9/1~2015/10/1,428台中市大雅區     
【區域1】台中市東勢區上城里;東關路,2015/09/01 11:20至2015/09/30 12:0【每日大量供水時間.水壓下降至無水】,2015/09/30 12:0以後,,2015/9/1~2015/10/1,423台中市東勢區     
【區域1】台中市東勢區上城里;東關路,2015/09/01 11:20至2015/09/30 12:0【每日大量供水時間.水壓下降至無水】,2015/09/30 12:0以後,,2015/9/1~2015/10/1,423台中市東勢區     
【停水區域一】台中市霧峰區育賢路.育智街.育群路,2015/09/02 8:30至2015/09/23 18:0,2015/09/23 18:0以後,23393138,2015/9/2~2015/9/24,413台中市霧峰區     
【停水區域一】彰化縣伸港鄉無;彰化縣和美鎮無;彰化縣彰化市無;彰化縣線西鄉無,2015/09/01 18:0至2015/12/31 23:59,2015/12/31 23:59以後,04-7353883,2015/9/2~2016/1/1,509彰化縣伸港鄉     508彰化縣和美鎮     500彰化縣彰化市     507彰化縣線西鄉     
【停水區域一】台中市烏日區溪南路一段(雙號).溪南路一段126巷.溪南路一段238巷.溪南路一段348巷.溪南路一段460巷.溪南路一段506巷.溪南路一段580巷.溪南路一段680巷.溪南路一段682巷.溪南路一段866巷.溪南路一段986巷.,2015/09/02 8:30至2015/09/30 17:30,2015/09/30 17:30以後,04-23381614,2015/9/2~2015/10/1,414台中市烏日區     
【停水區域一】台南市鹽水區尾寮及南6線,2015/09/07 8:0至2015/09/25 18:0,2015/09/25 18:0以後,6138101#315,2015/9/4~2015/9/26,737台南市鹽水區     
【區域1】新北市新莊區中興北街70號~134-1號雙側;153-4~157單側及巷弄,2015/09/08 9:0至2015/09/28 18:0【每日上午9點至下午6點】,2015/09/28 18:0以後,1910,2015/9/4~2015/9/29,242新北市新莊區     
【停水區域一】台中市西屯區福康路以東.福順路以南.福雅路以西.臺灣大道四段以北(福林里),2015/09/24 8:30至2015/09/24 16:0,2015/09/24 16:0以後,22210169,2015/9/7~2015/9/25,407台中市西屯區     
【停水區域一】新北市泰山區明志路三段182巷   明志路三段雙號側168號至324巷  及週邊巷弄   工專路  及週邊巷弄,2015/09/07 15:0至2015/10/01 1:0,2015/10/01 1:0以後,1910,2015/9/7~2015/10/2,243新北市泰山區     
【停水區域一】雲林縣虎尾鎮新興里;東仁里;平和里,2015/09/08 8:0至2015/10/07 18:0,2015/10/07 18:0以後,05-6322047,2015/9/7~2015/10/8,632雲林縣虎尾鎮     
【停水區域一】台中市大肚區王田里、福山里(含柏昇工業區),2015/09/08 8:0至2015/09/30 17:30,2015/09/30 17:30以後,26312127,2015/9/7~2015/10/1,432台中市大肚區     
【區域1】新竹縣竹東鎮頭重里;二重里;三重里;學府路;學府東路;放翁清境社區;鐘鼎山林社區;新竹縣寶山鄉山湖路;山湖一路;水仙路;寶山路一段;寶山路二段;大崎路;山湖一路;尖山路;洽水路;通學路;愛迪生路;新湖路一段;愛迪生社區;翰林苑社區;比佛利社區;寶山華城社區,2015/09/22 9:0至2015/09/22 15:0 ,2015/09/22 15:0以後,寶山廠 03-5820894,2015/9/8~2015/9/23,310新竹縣竹東鎮     308新竹縣寶山鄉     
【區域1】新竹縣竹東鎮頭重里;二重里;三重里;學府路(全部);學府東路(全部);放翁清境社區;鐘鼎山林社區;新竹縣寶山鄉山湖路;山湖一路;水仙路;寶山路一段;寶山路二段;大崎路;尖山路;洽水路;通學路;愛迪生路;新湖路一段;新湖路二段(以上皆全路段);愛迪生社區;翰林苑社區;比佛利社區;寶山華城社區,2015/09/22 9:0至2015/09/22 15:0 ,2015/09/22 15:0以後,寶山給水廠 03-5820894,2015/9/8~2015/9/23,310新竹縣竹東鎮     308新竹縣寶山鄉     
【停水區域一】台中市豐原區成功路.;大明路.;合作街.;三和路.;中興路.;西勢路.;協力街.;安和路.;社興路.;社興一街~社興五街.;一心路.;西勢一街~西勢六街.;豐原大道一段.;中正路;圓環南路,2015/09/09 8:30至2015/09/22 17:30,2015/09/22 17:30以後,豐原服務所25269895豐原給水廠25722643,2015/9/8~2015/9/23,420台中市豐原區     
【停水區域一】南投縣國姓鄉國姓村、石門村(少部分),2015/09/10 8:0至2015/11/30 18:0,2015/11/30 18:0以後,049-2915176,2015/9/9~2015/12/1,544南投縣國姓鄉     
【停水區域一】台中市南屯區惠中路三段以東.大墩七街以南.文心路一段以西.大墩六街以北(田心里),2015/09/30 8:30至2015/09/30 16:0,2015/09/30 16:0以後,22210169,2015/9/10~2015/10/1,408台中市南屯區     
【停水區域一】高雄市旗津區全區,2015/09/21 21:0至2015/09/22 9:0,2015/09/22 9:0以後,1910,2015/9/10~2015/9/23,805高雄市旗津區     
【停水區域一】新北市板橋區國慶路1~211號單號側(已上含巷弄)遇雨順延,2015/08/24 9:30至2015/09/21 16:0,2015/09/21 16:0以後,29612196.29612197,2015/9/14~2015/9/22,220新北市板橋區     
【停水區域一】台中市北區五權路以東.錦新街以南.三民路三段以西.錦平街以北(錦平里),2015/09/29 8:0至2015/09/29 16:0,2015/09/29 16:0以後,22210169,2015/9/14~2015/9/30,404台中市北區       
【停水區域一】台中市北屯區和祥路1段以東.東山路1段以南.祥順路2段以西.軍福九路以北(和平里),2015/09/22 8:30至2015/09/22 16:0,2015/09/22 16:0以後,22210169,2015/9/14~2015/9/23,406台中市北屯區     
【停水區域一】嘉義市東區王田里五福街20巷及82巷等所有住戶,2015/09/16 8:0至2015/09/30 18:0,2015/09/30 18:0以後,05-2252670轉252,2015/9/15~2015/10/1,600嘉義市東區       
【停水區域一】台南市鹽水區河南里/南港里,2015/09/21 9:0至2015/09/21 18:0,2015/09/21 18:0以後,06-6322240,2015/9/15~2015/9/22,737台南市鹽水區     
【停水區域一】雲林縣二崙鄉義庄村;大華村;楊賢村,2015/09/16 8:0至2015/09/23 18:0,2015/09/23 18:0以後,05-5862163,2015/9/16~2015/9/24,649雲林縣二崙鄉     
【停水區域一】屏東縣里港鄉土庫村信國路、高雄市美濃區吉洋里精忠新村等,2015/08/24 8:0至2015/09/25 18:0,2015/09/25 18:0以後,08-7226170、7220040,2015/9/16~2015/9/26,905屏東縣里港鄉     
【區域1】台中市東勢區上城里;上新里;中嵙里;福隆里,2015/10/06 9:0至2015/10/06 14:0 ,2015/10/06 14:0以後,04-25874315,2015/9/22~2015/10/7,423台中市東勢區     
【區域1】台中市東勢區上城里;上新里;中嵙里;福隆里,2015/10/06 9:0至2015/10/06 14:0 ,2015/10/06 14:0以後,04-25874315,2015/9/22~2015/10/7,423台中市東勢區     
【停水區域一】台南市北區1.育德二路756號至818號雙號側全部含巷弄   2.育德二路525號至819號單號側全部含巷弄,2015/09/18 8:0至2015/09/23 18:0,2015/09/23 18:0以後,06-3036097,2015/9/16~2015/9/24,704台南市北區       
【停水區域一】新北市五股區仁愛路雙號側、全興路214~228號、中港西路(泰林路至民權街41巷)、仁武街、仁武街139巷、仁愛路6巷(含四弄、五弄、七弄)、中港西路498巷、仁義路220巷、仁義路(仁愛路至中港西路)、仁愛路100巷、民生路31巷、民權街41巷、義學國小、義學國中,2015/09/17 9:0至2015/09/25 18:0,2015/09/25 18:0以後,29097480,2015/9/16~2015/9/26,248新北市五股區     
【停水區域一】彰化縣鹿港鎮復興路358號後,2015/09/14 9:0至2015/10/02 17:0,2015/10/02 17:0以後,04-7772127、04-7772609,2015/9/17~2015/10/3,505彰化縣鹿港鎮     
【停水區域一】新北市土城區中央路1段80號至252號;中華路1段43號至151號;中央路1段118巷(含單雙號及巷弄);中央路1段156巷(含單雙號及巷弄);中央路1段184巷(含單雙號及巷弄);中央路1段188巷(含單雙號及巷弄);日新街1號至9巷(含單雙號及巷弄),2015/09/17 9:0至2015/09/30 17:0,2015/09/30 17:0以後,02-22655172,2015/9/17~2015/10/1,236新北市土城區     236新北市土城區     
【停水區域一】雲林縣台西鄉五港村;永豐村;和豐村;富琦村;五港路;仁愛路;忠孝路;信義路;海產路;崙豐路,2015/09/18 8:0至2015/09/21 18:0,2015/09/21 18:0以後,05-6982250,2015/9/17~2015/9/22,636雲林縣台西鄉     
【停水區域一】台南市官田區三結義{全部無水},2015/09/21 8:0至2015/10/31 18:0,2015/10/31 18:0以後,(06)5721166,2015/9/17~2015/11/1,720台南市官田區     
【停水區域一】新北市樹林區保安街1段207號起至保安街2段25號止(含巷弄),2015/09/23 9:0至2015/09/30 18:0,2015/09/30 18:0以後,02-26812254,2015/9/17~2015/10/1,238新北市樹林區     
【停水區域一】南投縣南投市向上路全部;營北路全部;(含巷弄)例假日及雨天不施工,2015/09/07 8:30至2015/10/30 17:30,2015/10/30 17:30以後,049-2563505,2015/9/17~2015/10/31,540南投縣南投市     540南投縣南投市     
【停水區域一】桃園市桃園區南京街;建明街;建成街,2015/09/23 9:0至2015/09/25 18:0,2015/09/25 18:0以後,3346128,2015/9/17~2015/9/26,330桃園市桃園區     
【停水區域一】桃園市八德區瑞發里,2015/09/22 12:0至2015/09/22 18:0,2015/09/22 18:0以後,03 3346128,2015/9/17~2015/9/23,334桃園市八德區     
【停水區域一】宜蘭縣五結鄉大吉二路338號至123號.大吉二路251巷,2015/09/21 13:0至2015/09/21 17:0,2015/09/21 17:0以後,03-9589177*31,2015/9/17~2015/9/22,268宜蘭縣五結鄉     
【停水區域一】台中市西屯區環中路三段以東.市政路以南.黎明路二段以西.市政南一路以北(三義里、龍潭里),2015/09/23 8:30至2015/09/23 16:0,2015/09/23 16:0以後,22210169,2015/9/17~2015/9/24,407台中市西屯區     
【區域1】台中市太平區太平路/太平六街/太平八街/中平九街/太平十街/永成北路/太平十二街/太平路286巷/及附近巷弄內。,2015/10/01 9:0至2015/12/31 18:30【每日上午9點至下午6點半(非整日停水，僅幹管改接及用戶施作需停水)】,2015/12/31 18:30以後,1910;04-22442469;04-24821831,2015/9/17~2016/1/1,411台中市太平區     
【停水區域一】台南市安南區安中路三段99號至223-5號單號側全部,2015/09/21 8:0至2015/09/26 18:0,2015/09/26 18:0以後,06-2138101-307吳斌鳴,2015/9/18~2015/9/27,709台南市安南區     
【停水區域一】台中市豐原區永康路單號側(含巷弄);南陽路單號側167至231號(含巷弄);豐原大道三段219巷、239巷,2015/08/21 8:30至2015/10/16 18:30,2015/10/16 18:30以後,04-25722643,2015/9/18~2015/10/17,420台中市豐原區     
【停水區域一】高雄市楠梓區楠梓加工區,2015/09/26 9:0至2015/09/26 15:0,2015/09/26 15:0以後,1910,2015/9/18~2015/9/27,811高雄市楠梓區     
【區域1】台東縣台東市豐樂里、豐谷里,2015/09/21 13:0至2015/09/21 17:30【每日下午1點至下午5點30分】,2015/09/21 17:30以後,承包商電話:0937-390925(陳連文)    監造人員電話:0928-306122(李高伯),2015/9/18~2015/9/22,950台東縣台東市     
【停水區域一】新北市新莊區新樹路527巷及其周邊巷道(若遇大雨未施工則順延),2015/09/21 9:0至2015/10/05 18:0,2015/10/05 18:0以後,29966681,2015/9/18~2015/10/6,242新北市新莊區     
【停水區域一】台南市鹽水區河南里/南港里,2015/09/21 8:30至2015/09/21 17:30,2015/09/21 17:30以後,06-6322240,2015/9/18~2015/9/22,737台南市鹽水區     
【區域1】台東縣台東市台東市興盛路1號至200號(兩側及巷道)、興安路1段1號至155號(單號側及巷道)、志航路1段1號至320號(兩側及巷道)、更生北路82巷(兩側),2015/09/21 8:0至2015/09/23 17:0【每日上午8點至下午5點】,2015/09/23 17:0以後,承包商電話:0980-305571(許蔚璿)    監造人員電話:0937-497049(李榮昌),2015/9/18~2015/9/24,950台東縣台東市     
【停水區域一】高雄市小港區一、因台電公司管路潛盾工程致路面塌陷，造成高雄市小港區中林路與中利路口400、600公厘DIP管線漏水，目前無法進場施作，預計9月24日進場施工。;;◎二、搶修預定時間104年9月18日08時至104年9月24日24時止，計6天16小時。;;三、停水區域: 中油大林廠、中鋼公司等3戶。;;四、減壓區域：臨海工業區工業用水戶(含中鋼公司)減壓(戶數約100戶)。;;五、預定104年9月18日08時00分停水訊息登錄客服中心系統。;;六、停水戶數：3戶。,2015/09/18 8:0至2015/09/25 0:0,2015/09/25 0:0以後,07-8912693,2015/9/18~2015/9/26,812高雄市小港區     
【停水區域一】台南市北區育德二路、海安路三段、育成路、北成路,2015/09/18 0:0至2015/09/23 23:59,2015/09/23 23:59以後,06-3036097-301,2015/9/18~2015/9/24,704台南市北區       
【停水區域一】雲林縣莿桐鄉埔子村(榮村地區),2015/09/18 8:0至2015/09/30 18:0,2015/09/30 18:0以後,05-5862163,2015/9/18~2015/10/1,647雲林縣莿桐鄉     
【區域1】宜蘭縣宜蘭市同興街1號至18號之間{全部};慶和街17號至37號之間{全部};同慶街57巷13號,2015/09/21 13:0至2015/09/22 17:0【每日下午13點至下午17點】,2015/09/22 17:0以後,03-9323255#50,2015/9/18~2015/9/23,260宜蘭縣宜蘭市     
【停水區域一】台南市永康區永二街、永勝街、永和街、永大一路、永大二路、永春街、文化路、永興路、永華路、永吉路、及鄰近路段,2015/09/21 8:0至2015/10/02 18:0,2015/10/02 18:0以後,1910   06-2325714,2015/9/18~2015/10/3,710台南市永康區     
【區域1】新北市五股區成泰路三段、四段 新五路一、二、三段 孝義路 西雲路 凌雲路一、二、三段 御史路 御成路 天乙路 洲后路 公園路 ; 芳洲路 芳洲一路 芳洲二路 芳洲三路 芳洲五路 芳洲六路 芳洲七路 芳洲八路 芳洲九路 芳洲十路   成洲一路 成洲二路 成洲五路 成洲六路 成洲八路 新城一路 新城三路 新城五路 新城六路 新城八路  含所有巷弄,2015/09/22 9:0至2015/09/23 11:0 ,2015/09/23 11:0以後,,2015/9/18~2015/9/24,248新北市五股區     
【停水區域一】雲林縣褒忠鄉中勝村;埔姜村;有才村;田洋村;龍岩村;新湖村;中勝路;太湖路;北興;有才;新湖;下田,2015/09/16 8:0至2015/09/30 18:0,2015/09/30 18:0以後,05-6622545,2015/9/20~2015/10/1,634雲林縣褒忠鄉     
【停水區域一】高雄市小港區松泰街一帶,2015/09/21 14:0至2015/09/21 17:0,2015/09/21 17:0以後,07-3312292-237,2015/9/21~2015/9/22,812高雄市小港區     
【區域1】苗栗縣卓蘭鎮坪林里;雙連,2015/09/21 8:5至2015/09/21 16:0 ,2015/09/21 16:0以後,,2015/9/21~2015/9/22,369苗栗縣卓蘭鎮     
【區域1】苗栗縣卓蘭鎮坪林里;雙連,2015/09/21 8:5至2015/09/21 16:0 ,2015/09/21 16:0以後,,2015/9/21~2015/9/22,369苗栗縣卓蘭鎮     
【區域1】苗栗縣卓蘭鎮坪林里;雙連,2015/09/21 8:5至2015/09/21 16:0 ,2015/09/21 16:0以後,,2015/9/21~2015/9/22,369苗栗縣卓蘭鎮     
【停水區域一】嘉義縣民雄鄉秀林村;嘉義縣竹崎鄉獅埜村;義仁村;義和村,2015/09/21 8:0至2015/09/21 15:0,2015/09/21 15:0以後,05-2611075,2015/9/21~2015/9/22,621嘉義縣民雄鄉     604嘉義縣竹崎鄉     
【停水區域一】高雄市林園區龍潭路、清水岩路、林家路、後厝路、校前路、前厝路、龔厝路、王公一路等附近地區,2015/09/21 9:0至2015/09/21 19:0,2015/09/21 19:0以後,7883714,2015/9/21~2015/9/22,832高雄市林園區     
【停水區域一】台南市將軍區仁巷;台南市學甲區中洲,2015/09/21 10:0至2015/09/21 17:0,2015/09/21 17:0以後,7222477,2015/9/21~2015/9/22,725台南市將軍區     726台南市學甲區     
【停水區域一】高雄市大社區嘉誠里柑宅巷,2015/09/21 8:30至2015/09/21 18:0,2015/09/21 18:0以後,(07)3513332,2015/9/21~2015/9/22,815高雄市大社區     
【停水區域一】台南市北區海安路三段,2015/09/21 8:0至2015/09/21 17:0,2015/09/21 17:0以後,06-3036097,2015/9/21~2015/9/22,704台南市北區       
【停水區域一】高雄市鳳山區松江街、和興街、光華東路、五甲一路、大東二路、長明街、樂園街、立信街、安寧街等附近地區,2015/09/21 9:0至2015/09/21 19:0,2015/09/21 19:0以後,7883714,2015/9/21~2015/9/22,830高雄市鳳山區     
【停水區域一】嘉義縣竹崎鄉和平村;坑仔坪,2015/09/21 8:0至2015/09/21 10:0,2015/09/21 10:0以後,05-2611075,2015/9/21~2015/9/22,604嘉義縣竹崎鄉     
【停水區域一】高雄市鳳山區新安街、新民街、新富路、大明街、新強路、新泰街、新康街、南京路、海洋一路、新國街等附近地區,2015/09/21 9:0至2015/09/21 20:0,2015/09/21 20:0以後,7883714,2015/9/21~2015/9/22,830高雄市鳳山區     
【停水區域一】台南市官田區隆本里;隆田里,2015/09/21 9:0至2015/09/23 17:0,2015/09/23 17:0以後,5721165,2015/9/21~2015/9/24,720台南市官田區     
【停水區域一】新北市貢寮區美艷山街,2015/09/21 10:0至2015/09/30 18:0,2015/09/30 18:0以後,24941800,2015/9/21~2015/10/1,228新北市貢寮區     
【停水區域一】桃園市中壢區明德里(全) 長沙路、環中東路二段(龍岡路二段~福州路)、桂林街、合浦街、五華街、昆明街、珠江街、苑平街、吉長街、惠州街、昆明街、內江街、南雄街、廈門街等(以上含所有巷道),2015/09/21 10:0至2015/09/21 17:0,2015/09/21 17:0以後,4251506,2015/9/21~2015/9/22,320桃園市中壢區     
【停水區域一】雲林縣麥寮鄉崙後村;興華村;橋頭村;圳寮;沙崙後;橋頭,2015/09/21 9:0至2015/09/21 14:0,2015/09/21 14:0以後,05-6982250,2015/9/21~2015/9/22,638雲林縣麥寮鄉     
【停水區域一】南投縣水里鄉永興村,2015/09/21 9:0至2015/09/21 13:0,2015/09/21 13:0以後,2762076,2015/9/21~2015/9/22,553南投縣水里鄉     
【停水區域一】桃園市蘆竹區南崁路二段402巷(全),2015/09/21 9:0至2015/09/21 11:0,2015/09/21 11:0以後,03-3346128,2015/9/21~2015/9/22,338桃園市蘆竹區     
【停水區域一】南投縣草屯鎮富寮里;中正路;富春路;富春路八德巷;富春路大仁巷;富春路大勇巷;富春路大智巷;富春路四維巷;富中路;富昌路;富昌路富有巷;富昌路富裕巷;富林路一段;富頂路一段;富德街;中正路富光巷;中正路富國巷;(含巷弄),2015/09/21 9:0至2015/09/21 15:0,2015/09/21 15:0以後,049-2563505,2015/9/21~2015/9/22,542南投縣草屯鎮     
【停水區域一】花蓮縣吉安鄉吉昌一街;吉昌二街;吉安路二段,2015/09/21 9:0至2015/09/21 11:0,2015/09/21 11:0以後,8325304,2015/9/21~2015/9/22,973花蓮縣吉安鄉     
【停水區域一】基隆市中山區安一路;西定路;成功二路;新民路;新生路;中山一路;中山二路;中山三路;中山四路;光華路;太白街;健民街;通仁街;通明街;中華路含各巷、弄等一帶。;基隆市安樂區樂一路;新西街含各巷、弄等一帶。,2015/09/23 9:0至2015/09/23 17:0,2015/09/23 17:0以後,24252103-59,2015/9/21~2015/9/24,203基隆市中山區     204基隆市安樂區     
【停水區域一】彰化縣芬園鄉大竹村;中崙村;同安村,2015/09/21 9:0至2015/09/21 18:0,2015/09/21 18:0以後,2222635,2015/9/21~2015/9/22,502彰化縣芬園鄉     
【停水區域一】高雄市苓雅區1.武慶三路43.57.79.97.107巷(含弄)。2.武慶三路1~120號。3.福海街。 4.漢泰街。,2015/09/21 8:0至2015/09/21 18:0,2015/09/21 18:0以後,洽詢電話：免付費電話1910、高雄服務所：07-3312292,2015/9/21~2015/9/22,802高雄市苓雅區     
【停水區域一】苗栗縣三灣鄉三灣. 銅鏡.頂寮村,2015/09/21 9:11至2015/09/21 11:1,2015/09/21 11:1以後,623500,2015/9/21~2015/9/22,352苗栗縣三灣鄉     
【停水區域一】彰化縣秀水鄉陜西村番花路一帶;彰化縣花壇鄉番花路一帶,2015/09/21 8:0至2015/10/05 18:0,2015/10/05 18:0以後,承包商-上校水管工程行張圳益0920-900823、監工人員-蘇健源04-7245031*302,2015/9/21~2015/10/6,504彰化縣秀水鄉     503彰化縣花壇鄉     
【停水區域一】彰化縣永靖鄉彰化縣永靖鄉瑚璉路、中山路一段、中山路一段779巷、永久路、八德巷;四維巷、永坡路、西門路、育才路、王厝路、仁一路、西南巷、文建街、水尾路、水尾路50巷72巷100巷148巷160巷186巷202巷230巷280巷291巷等;彰化縣埔心鄉奉天路,2015/09/21 8:0至2015/10/05 18:0,2015/10/05 18:0以後,承包商-沅盛工程有限公司陳耀煌0933561826、監工人員-楊凱鈞047245031*301,2015/9/21~2015/10/6,512彰化縣永靖鄉     513彰化縣埔心鄉     
【停水區域一】彰化縣埔鹽鄉新水村、天盛村、石埤村,2015/09/21 10:0至2015/10/05 18:0,2015/10/05 18:0以後,監工人員-工務課朱延清(04-7245031*312)、承包商-振益水電工業股份有限公司許德偉(0910-537813),2015/9/21~2015/10/6,516彰化縣埔鹽鄉     
【停水區域一】台南市大內區環湖里,2015/09/21 9:30至2015/09/21 11:30,2015/09/21 11:30以後,06-5973437,2015/9/21~2015/9/22,742台南市大內區     
【停水區域一】南投縣南投市嶺興路,2015/09/21 10:0至2015/09/21 14:0,2015/09/21 14:0以後,0492222635,2015/9/21~2015/9/22,540南投縣南投市     
【停水區域一】台南市北區文賢路,2015/09/21 9:50至2015/09/21 17:0,2015/09/21 17:0以後,06-3036097,2015/9/21~2015/9/22,704台南市北區       
【停水區域一】苗栗縣頭份鎮後庄里,2015/09/21 10:0至2015/09/21 17:0,2015/09/21 17:0以後,623500,2015/9/21~2015/9/22,351苗栗縣頭份鎮     
【停水區域一】台中市太平區中山路一段;中山路一段二一五南巷;大源十九街近一帶,2015/09/21 10:5至2015/09/21 13:5,2015/09/21 13:5以後,22442469.1910,2015/9/21~2015/9/22,411台中市太平區     
【停水區域一】台中市北區精武路;一中街 等附近,2015/09/21 10:6至2015/09/21 14:6,2015/09/21 14:6以後,22442469-1910,2015/9/21~2015/9/22,404台中市北區       
【停水區域一】彰化縣鹿港鎮鹿港-鹿港104年度鹿港福興中分區計畫(DB-04-1108-01)復興路管線汰換及用戶外線改接，施工時造成部分用戶早上8點至晚上5點沿線用戶停水，視施工範圍及管線改接影響範圍而定，如管線開挖至用戶前該用戶因用戶外線改接當天則停水，巷口斷管改街則影響該區里民用水，請用戶提早蓄水備用，加壓馬達請傍晚過後再啟動避免燒毀，影響範圍郭厝里;新宮里;埔崙里部分用戶;復興路門牌358號之後。,2015/09/14 8:0至2015/10/02 19:0,2015/10/02 19:0以後,04-7772127、04-7772609,2015/9/21~2015/10/3,505彰化縣鹿港鎮     
【停水區域一】新北市新莊區化成路397~445號單號側(含其周邊巷弄)及化成路816~862號雙號側(含其周邊巷弄)及,2015/09/23 9:0至2015/09/23 18:0,2015/09/23 18:0以後,29966681,2015/9/21~2015/9/24,242新北市新莊區     
【停水區域一】新北市五股區五股成泰路三段、四段、新五路二、三段、凌雲路一、二、三段，孝義路、西雲路、御史路、御成路、天乙路、洲后路、公園路、芳洲路、芳洲一路、芳洲二路、芳洲三路、芳洲五路、芳洲六路、芳洲七路、芳洲八路、芳洲九路、芳洲十路、成洲一路、成洲二路、成洲五路、成洲六路、成洲八路;新城一路、新城三路、新城五路、新城六路、新城八路,2015/09/22 9:0至2015/09/23 11:0,2015/09/23 11:0以後,客服中心：1910  泰山營運所:2909-7480    區管理處：2996-8961,2015/9/21~2015/9/24,248新北市五股區     
【停水區域一】台中市南屯區文山北巷 等附近,2015/09/21 10:35至2015/09/21 14:35,2015/09/21 14:35以後,22442469-1910,2015/9/21~2015/9/22,408台中市南屯區     
【停水區域一】台南市永康區龍國街、龍昌街及鄰近路段,2015/09/21 10:43至2015/09/21 14:0,2015/09/21 14:0以後,1910   06-2325714,2015/9/21~2015/9/22,710台南市永康區     
【停水區域一】嘉義縣中埔鄉社口村;隆興村;灣潭村;中埔村;鹽館村;裕民村;龍門村;嘉義縣番路鄉下坑村;江西村;番路村;新福村;內甕村,2015/09/22 8:0至2015/09/22 18:0,2015/09/22 18:0以後,05-2611075,2015/9/21~2015/9/23,606嘉義縣中埔鄉     602嘉義縣番路鄉     
【停水區域一】高雄市苓雅區武仁街及附近一帶,2015/09/21 10:50至2015/09/21 12:50,2015/09/21 12:50以後,07-7321319,2015/9/21~2015/9/22,802高雄市苓雅區     
【區域1】台東縣台東市台東市更生北路514、496、576、596、616、634、654、692巷及564巷34弄單、雙號。,2015/09/22 8:0至2015/09/26 18:0【每日上午8點至下午6點】,2015/09/26 18:0以後,承包商電話:0937-390925(陳連文)    監造人員電話:0932-559811(謝仲科),2015/9/21~2015/9/27,950台東縣台東市     
【停水區域一】基隆市安樂區安一路;樂一路;崇德路含各巷、弄等一帶。,2015/09/21 10:50至2015/09/21 14:0,2015/09/21 14:0以後,24252103-59,2015/9/21~2015/9/22,204基隆市安樂區     
【區域1】台東縣台東市台東市青島街單、雙號。,2015/09/23 8:0至2015/09/25 18:0【每日上午8點至下午6點】,2015/09/25 18:0以後,承包商電話:0937-390925(陳連文)    監造人員電話:0932-559811(謝仲科),2015/9/21~2015/9/26,950台東縣台東市     
【區域1】宜蘭縣宜蘭市中山路三段137號至141號之間{全部};城隍街全部{雙號};碧霞街;舊城北路185號{全部};西後街95巷5號{全部},2015/09/23 13:0至2015/09/23 17:0 ,2015/09/23 17:0以後,03-9323255#50,2015/9/21~2015/9/24,260宜蘭縣宜蘭市     
【區域1】台東縣台東市台東市青島街單、雙號。,2015/09/23 8:0至2015/09/25 18:0【每日上午8點至下午6點】,2015/09/25 18:0以後,承包商電話:0937-390925(陳連文)    監造人員電話:0932-559811(謝仲科),2015/9/21~2015/9/26,950台東縣台東市     
【停水區域一】新竹市北區延平路一段、延平路二段、成功路、竹光路、虎林街,2015/09/21 13:0至2015/09/21 18:0,2015/09/21 18:0以後,03-5712141,2015/9/21~2015/9/22,300新竹市北區       
【停水區域一】桃園市八德區和成路與福祿一路,2015/09/21 11:30至2015/09/21 15:0,2015/09/21 15:0以後,3346129,2015/9/21~2015/9/22,334桃園市八德區     
【停水區域一】桃園市楊梅區瑞原里民安路,2015/09/21 11:30至2015/09/21 14:30,2015/09/21 14:30以後,4789261,2015/9/21~2015/9/22,326桃園市楊梅區     
【停水區域一】嘉義縣番路鄉下坑村;江西村;內甕村;民和村;番路村;新福村,2015/09/21 10:0至2015/09/21 18:0,2015/09/21 18:0以後,05-2611075,2015/9/21~2015/9/22,602嘉義縣番路鄉     
【停水區域一】台中市豐原區成功路.; 大明路.; 合作街. ;三和路. ;中興路. ;西勢路. ;協力街. ;安和路. ;社興路. ;社興一街~社興五街. ;一心路. ;西勢一街~西勢六街.; 豐原大道一段. ;中正路;圓環南路,2015/09/23 8:30至2015/10/05 17:30,2015/10/05 17:30以後,豐原服務所25269895豐原給水廠25722643,2015/9/21~2015/10/6,420台中市豐原區     
【停水區域一】台中市豐原區中山路全部{雙號},2015/09/21 12:0至2015/09/21 16:0,2015/09/21 16:0以後,25262721,2015/9/21~2015/9/22,420台中市豐原區     
【停水區域一】新竹縣新豐鄉新興路451巷全部，員山村3鄰全部，員山村3鄰122-1~122-36號。,2015/09/21 11:40至2015/09/21 15:0,2015/09/21 15:0以後,03-5981603,2015/9/21~2015/9/22,304新竹縣新豐鄉     
【停水區域一】台中市太平區永平路三段;永豐路;合利街;甲堤路,2015/09/21 10:0至2015/09/21 17:0,2015/09/21 17:0以後,04-22442469,2015/9/21~2015/9/22,411台中市太平區     
【停水區域一】屏東縣恆春鎮大光里、水泉里,2015/09/20 20:15至2015/09/21 16:30,2015/09/21 16:30以後,08-8892265,2015/9/21~2015/9/22,946屏東縣恆春鎮     
【停水區域一】台中市西屯區文心路二段;市政北一路;市政路;惠文路;惠文二街;惠中路二段;文心一路 等附近;台中市南屯區大業路 等附近,2015/09/21 13:0至2015/09/21 18:0,2015/09/21 18:0以後,22442469-1910,2015/9/21~2015/9/22,407台中市西屯區     408台中市南屯區     
【停水區域一】台中市大里區仁化路;仁化工一路;仁化工三路;仁化工五路;健民路;健康一街;健康二街;練武路;校前路等附近,2015/09/21 13:0至2015/09/21 17:0,2015/09/21 17:0以後,04-22442469.1910,2015/9/21~2015/9/22,412台中市大里區     
【停水區域一】雲林縣土庫鎮興新里;奮起里;溪邊里;下庄;下店;下圍;中央路;中圍;頂圍;新興;綺湖;扶朝,2015/09/21 13:0至2015/09/21 18:0,2015/09/21 18:0以後,05-6622545,2015/9/21~2015/9/22,633雲林縣土庫鎮     
【停水區域一】高雄市內門區內湖;石坑,2015/09/21 13:0至2015/09/21 17:0,2015/09/21 17:0以後,06-5742323,2015/9/21~2015/9/22,845高雄市內門區     
【停水區域一】基隆市中正區祥豐街;豐稔街;立德路含各巷、弄等一帶。,2015/09/21 13:0至2015/09/21 15:0,2015/09/21 15:0以後,24252103-59,2015/9/21~2015/9/22,202基隆市中正區     
【停水區域一】基隆市信義區中興路;信二路;義五路;義七路;義六路含各巷、弄等一帶。,2015/09/21 13:0至2015/09/21 22:0,2015/09/21 22:0以後,24252103-59,2015/9/21~2015/9/22,201基隆市信義區     
【停水區域一】苗栗縣頭份鎮斗煥. 珊瑚.新華.流東里,2015/09/21 13:30至2015/09/21 15:30,2015/09/21 15:30以後,623500,2015/9/21~2015/9/22,351苗栗縣頭份鎮     
【停水區域一】雲林縣斗六市社口里-鎮南路、鎮南路220巷、鎮南路240巷,2015/09/21 8:30至2015/09/25 18:30,2015/09/25 18:30以後,5322362,2015/9/21~2015/9/26,640雲林縣斗六市     
【停水區域一】高雄市美濃區忠孝路一帶皆受影響。,2015/09/21 13:51至2015/09/21 17:0,2015/09/21 17:0以後,0933376319,2015/9/21~2015/9/22,843高雄市美濃區     
【停水區域一】苗栗縣大湖鄉全部村里,2015/09/21 13:30至2015/09/21 17:0,2015/09/21 17:0以後,037-991026,2015/9/21~2015/9/22,364苗栗縣大湖鄉     
【停水區域一】台南市北區育德路、西門路四段,2015/09/21 13:30至2015/09/21 18:0,2015/09/21 18:0以後,06-3036097,2015/9/21~2015/9/22,704台南市北區       
【停水區域一】雲林縣斗南鎮成功;田頭里,2015/09/21 14:0至2015/09/21 17:0,2015/09/21 17:0以後,05-5972682,2015/9/21~2015/9/22,630雲林縣斗南鎮     
【停水區域一】高雄市美濃區民族路、廣興街、興隆路、民權路、圓山街、雙峰街、福美路及中山路等一帶皆受影響（下午六時以後，前述路段皆減壓供水）。,2015/09/14 10:30至2015/11/05 18:0,2015/11/05 18:0以後,0928741027,2015/9/21~2015/11/6,843高雄市美濃區     
【停水區域一】雲林縣大埤鄉西鎮村,2015/09/22 8:0至2015/09/26 18:0,2015/09/26 18:0以後,05-5972682,2015/9/21~2015/9/27,631雲林縣大埤鄉     
【停水區域一】台東縣台東市志航路二段及富源村,2015/09/21 14:15至2015/09/21 20:0,2015/09/21 20:0以後,089-322138,2015/9/21~2015/9/22,950台東縣台東市     
【停水區域一】新北市中和區中山路三段85號至189號單號側、民有街、民治街、民享街，以上包含巷弄全部,2015/09/21 14:0至2015/09/21 18:0,2015/09/21 18:0以後,29612196 or 0921900055,2015/9/21~2015/9/22,235新北市中和區     
【停水區域一】南投縣草屯鎮中原里;中和路;(含巷弄),2015/09/21 14:30至2015/09/21 18:0,2015/09/21 18:0以後,049-2563505,2015/9/21~2015/9/22,542南投縣草屯鎮     
【停水區域一】新竹市東區大學路;,2015/09/21 14:35至2015/09/21 17:30,2015/09/21 17:30以後,1910、新竹服務所 03-5714321、區管理處03-5712141～3,2015/9/21~2015/9/22,300新竹市東區       
【停水區域一】桃園市新屋區康榔里,2015/09/21 14:45至2015/09/21 17:30,2015/09/21 17:30以後,4789261,2015/9/21~2015/9/22,327桃園市新屋區     
【停水區域一】台南市新市區華美街;長安街,2015/09/21 14:40至2015/09/21 17:0,2015/09/21 17:0以後,06-5973437,2015/9/21~2015/9/22,744台南市新市區     
【停水區域一】桃園市楊梅區頭湖、三湖、上湖、瑞坪、東流、秀才、永寧、裕成、裕新、金溪、大平等里及陽光山林、大台北、台北新都等社區。;水壓降低地區：楊梅區市區。,2015/10/03 8:0至2015/10/03 12:0,2015/10/03 12:0以後,免付費服務電話：1910    楊梅服務所:03-4789261,2015/9/21~2015/10/4,326桃園市楊梅區     
【停水區域一】嘉義縣中埔鄉龍門村,2015/09/21 14:57至2015/09/21 20:0,2015/09/21 20:0以後,05-2611075,2015/9/21~2015/9/22,606嘉義縣中埔鄉     
【停水區域一】台南市善化區陽光電城LM區內,2015/09/21 15:21至2015/09/21 17:30,2015/09/21 17:30以後,065974290,2015/9/21~2015/9/22,741台南市善化區     
【停水區域一】南投縣埔里鎮同聲里,2015/09/21 15:30至2015/09/21 19:0,2015/09/21 19:0以後,0492915176,2015/9/21~2015/9/22,545南投縣埔里鎮     
【停水區域一】台南市左鎮區草山里,2015/09/21 15:30至2015/09/21 17:30,2015/09/21 17:30以後,06-5973437,2015/9/21~2015/9/22,713台南市左鎮區     
【停水區域一】新北市樹林區大安路332巷-504號 備內街全部,2015/09/21 14:0至2015/09/21 18:0,2015/09/21 18:0以後,0226812526,2015/9/21~2015/9/22,238新北市樹林區     
【停水區域一】台南市北區育德二.三路、文成二路、海安路三段、北成路、,2015/09/21 16:0至2015/09/21 18:0,2015/09/21 18:0以後,06-3036097,2015/9/21~2015/9/22,704台南市北區       
【停水區域一】桃園市龜山區文興路.復興一路.公園路.文化二路.文化三路(含巷弄),2015/09/21 15:50至2015/09/21 18:50,2015/09/21 18:50以後,033294999,2015/9/21~2015/9/22,333桃園市龜山區     
【停水區域一】南投縣草屯鎮富寮里;中正路;富春路;富春路八德巷;富春路大仁巷;富春路大勇巷;富春路大智巷;富春路四維巷;富中路;富昌路;富昌路富有巷;富昌路富裕巷;富林路一段;富頂路一段;富德街;中正路富光巷;中正路富國巷;(含巷弄),2015/09/21 16:20至2015/09/21 17:30,2015/09/21 17:30以後,049-2563505,2015/9/21~2015/9/22,542南投縣草屯鎮     
【停水區域一】桃園市蘆竹區南山路一段二段沿線、長安路二段,2015/09/21 16:30至2015/09/21 21:30,2015/09/21 21:30以後,03-3346128,2015/9/21~2015/9/22,338桃園市蘆竹區     
【區域1】台東縣台東市蘭州街112巷,2015/09/21 16:20至2015/09/21 17:30 ,2015/09/21 17:30以後,,2015/9/21~2015/9/22,950台東縣台東市     
【區域1】新竹縣竹北市大眉里、大義里、尚義里、崇義里;新竹縣湖口鄉新竹工業區西區、鳳凰村、鳳山村、波羅村;新竹縣新豐鄉松林村、松柏村、山崎村、忠孝村、員山村、崎頂村、中崙村、重興村、鳳坑村、上坑村、新豐村、坡頭村、埔和村、青埔村、瑞興村,2015/09/21 16:0至2015/09/21 18:0 ,2015/09/21 18:0以後,03-5981603,2015/9/21~2015/9/22,302新竹縣竹北市     303新竹縣湖口鄉     304新竹縣新豐鄉     
【停水區域一】台南市官田區官田區南部里台1線302K+300右側,2015/09/21 17:0至2015/09/21 18:0,2015/09/21 18:0以後,5721165,2015/9/21~2015/9/22,720台南市官田區     
【區域1】苗栗縣卓蘭鎮坪林里;雙連,2015/09/21 17:0至2015/09/22 17:0 ,2015/09/22 17:0以後,0425874315,2015/9/21~2015/9/23,369苗栗縣卓蘭鎮     
【區域1】苗栗縣卓蘭鎮坪林里;雙連,2015/09/21 17:0至2015/09/22 17:0 ,2015/09/22 17:0以後,0425874315,2015/9/21~2015/9/23,369苗栗縣卓蘭鎮     
【停水區域一】屏東縣屏東市和平路117、115號，大安街，大裕路，大同路與大榮路，大興路口至和平路與大榮路大興路口,2015/09/21 8:0至2015/09/21 20:0,2015/09/21 20:0以後,08-7226170、7220040,2015/9/21~2015/9/22,900屏東縣屏東市     
【停水區域一】台南市東區崇善路,2015/09/21 13:30至2015/09/21 20:0,2015/09/21 20:0以後,06-3036097,2015/9/21~2015/9/22,701台南市東區       
【停水區域一】雲林縣台西鄉五港村;永豐村;和豐村;富琦村;五港路;仁愛路;信義路;海產路;崙豐路;公館,2015/09/25 8:0至2015/09/25 18:0,2015/09/25 18:0以後,05-6982250,2015/9/21~2015/9/26,636雲林縣台西鄉     
【停水區域一】台南市安南區怡安路一段、長溪路一段,2015/09/21 17:0至2015/09/21 23:0,2015/09/21 23:0以後,06-3036097,2015/9/21~2015/9/22,709台南市安南區     
【停水區域一】屏東縣恆春鎮大光路;水泉里,2015/09/21 17:0至2015/09/21 21:0,2015/09/21 21:0以後,8892265.8880334,2015/9/21~2015/9/22,946屏東縣恆春鎮     
【停水區域一】嘉義縣竹崎鄉灣橋村,2015/09/25 9:0至2015/09/25 14:0,2015/09/25 14:0以後,05-2611075,2015/9/21~2015/9/26,604嘉義縣竹崎鄉     
【停水區域一】雲林縣麥寮鄉興華村;忠興;興化,2015/09/21 17:10至2015/09/21 21:10,2015/09/21 21:10以後,05-6982250,2015/9/21~2015/9/22,638雲林縣麥寮鄉     
【停水區域一】宜蘭縣大同鄉松羅村;玉蘭全部;牛鬥全部;崙埤村,2015/09/23 9:0至2015/09/23 15:0,2015/09/23 15:0以後,1910,2015/9/21~2015/9/24,267宜蘭縣大同鄉     
【區域1】台南市安南區(原佃里) 安南區安吉路一段及本原街一段(以上約100戶),2015/09/22 9:0至2015/09/22 17:0【當日上午九時至下午五時】,2015/09/22 17:0以後,2370021*268,2015/9/21~2015/9/23,709台南市安南區     
【停水區域一】雲林縣四湖鄉四湖村;湖西村,2015/09/22 13:0至2015/09/22 18:0,2015/09/22 18:0以後,05-6982250,2015/9/21~2015/9/23,654雲林縣四湖鄉     
【停水區域一】宜蘭縣冬山鄉永安路428~480號；永安路460巷9~14號；永安路460巷2弄1~9號；永安路431巷2~24號；永安路431巷1弄1~9號；永安路465巷1~48號；永安路465巷28弄1~10號  間附近用戶，共計約100戶,2015/09/22 13:0至2015/09/22 17:0,2015/09/22 17:0以後,9589176,2015/9/21~2015/9/23,269宜蘭縣冬山鄉     
【區域1】新竹縣竹北市大眉里、大義里、尚義里、崇義里;新竹縣湖口鄉新竹工業區西區、鳳凰村、鳳山村、波羅村;新竹縣新豐鄉松林村、松柏村、山崎村、忠孝村、員山村、崎頂村、中崙村、重興村、鳳坑村、上坑村、新豐村、坡頭村、埔和村、青埔村、瑞興村,2015/09/21 16:0至2015/09/22 2:0 ,2015/09/22 2:0以後,03-5981603,2015/9/21~2015/9/23,302新竹縣竹北市     303新竹縣湖口鄉     304新竹縣新豐鄉     
【區域1】雲林縣褒忠鄉全,2015/09/21 18:30至2015/09/21 20:30 ,2015/09/21 20:30以後,,2015/9/21~2015/9/22,634雲林縣褒忠鄉     
【停水區域一】台中市大肚區頂街里、榮華街、博愛街、平等街、沙田路三段734巷附近區域(含巷弄)。,2015/09/21 19:0至2015/09/21 22:0,2015/09/21 22:0以後,04-26312127,2015/9/21~2015/9/22,432台中市大肚區     
【停水區域一】新北市鶯歌區中正二路、八德路(含周邊巷弄),2015/09/21 22:0至2015/09/22 6:0,2015/09/22 6:0以後,26792224,2015/9/21~2015/9/23,239新北市鶯歌區     
【區域1】新竹縣竹北市大眉里、大義里、尚義里、崇義里;新竹縣湖口鄉新竹工業區西區、鳳凰村、鳳山村、波羅村;新竹縣新豐鄉松林村、松柏村、山崎村、忠孝村、員山村、崎頂村、中崙村、鳳坑村、上坑村,2015/09/21 16:0至2015/09/22 2:0 ,2015/09/22 2:0以後,03-5981603,2015/9/21~2015/9/23,302新竹縣竹北市     303新竹縣湖口鄉     304新竹縣新豐鄉     
【區域1】新北市汐止區水源路一段、二段,2015/09/21 21:10至2015/09/22 1:10 ,2015/09/22 1:10以後,,2015/9/21~2015/9/23,221新北市汐止區     
【停水區域一】雲林縣林內鄉重興村 十三里;雲林縣莿桐鄉六合村 五華村,2015/09/21 22:0至2015/09/22 0:0,2015/09/22 0:0以後,05-5322362,2015/9/21~2015/9/23,643雲林縣林內鄉     647雲林縣莿桐鄉     
【區域1】新竹縣湖口鄉新竹工業區西區、鳳凰村、鳳山村、波羅村;新竹縣新豐鄉松林村、松柏村、山崎村、忠孝村、員山村、崎頂村、中崙村、鳳坑村、上坑村,2015/09/21 16:0至2015/09/22 2:0 ,2015/09/22 2:0以後,03-5981603,2015/9/21~2015/9/23,303新竹縣湖口鄉     304新竹縣新豐鄉     
【區域1】新竹縣湖口鄉新竹工業區西區、鳳凰村、鳳山村、波羅村;新竹縣新豐鄉松林村、松柏村、山崎村、忠孝村、員山村、崎頂村、中崙村,2015/09/21 16:0至2015/09/22 0:0 ,2015/09/22 0:0以後,03-5981603,2015/9/21~2015/9/23,303新竹縣湖口鄉     304新竹縣新豐鄉     
【停水區域一】嘉義市東區王田里，圓福街93號至137號門牌(單數號門牌),2015/09/22 9:0至2015/09/22 18:0,2015/09/22 18:0以後,05-2779117,2015/9/21~2015/9/23,600嘉義市東區       
【停水區域一】新北市樹林區樹潭街1~16號全部,2015/09/24 9:0至2015/09/24 18:0,2015/09/24 18:0以後,02-26812254,2015/9/22~2015/9/25,238新北市樹林區     
【停水區域一】高雄市鳳山區三誠路附近,2015/09/22 10:0至2015/09/22 14:0,2015/09/22 14:0以後,07-7424163,2015/9/22~2015/9/23,830高雄市鳳山區     
【停水區域一】高雄市鳳山區中崙一路;中崙路;中崙二路;中崙五路;中崙一路;中崙四路,2015/09/23 9:0至2015/09/23 18:0,2015/09/23 18:0以後,07-7424163,2015/9/22~2015/9/24,830高雄市鳳山區     
【停水區域一】高雄市大社區嘉誠里柑宅巷,2015/09/22 8:30至2015/09/22 18:0,2015/09/22 18:0以後,(07)3513332,2015/9/22~2015/9/23,815高雄市大社區     
【區域1】台中市東勢區東新里;勢林街;東環街;第七橫街;文新街,2015/09/22 9:0至2015/09/22 17:0 ,2015/09/22 17:0以後,,2015/9/22~2015/9/23,423台中市東勢區     
【區域1】台中市東勢區東新里;勢林街;東環街;第七橫街;文新街,2015/09/22 9:0至2015/09/22 17:0 ,2015/09/22 17:0以後,,2015/9/22~2015/9/23,423台中市東勢區     
【停水區域一】台南市北區育德路、西門路四段、臨安路二段,2015/09/22 8:30至2015/09/22 15:0,2015/09/22 15:0以後,06-3036097,2015/9/22~2015/9/23,704台南市北區       
【停水區域一】南投縣南投市彰南路3段398巷,2015/09/22 8:40至2015/09/22 11:40,2015/09/22 11:40以後,2222635,2015/9/22~2015/9/23,540南投縣南投市     
【停水區域一】台南市學甲區美豐,2015/09/22 9:10至2015/09/22 12:0,2015/09/22 12:0以後,7222477,2015/9/22~2015/9/23,726台南市學甲區     
【停水區域一】新北市土城區永豐路13巷單號7號後及雙號全部;永豐路雙號全部;永豐路25號及29巷1.3號,2015/09/21 9:0至2015/09/27 17:0,2015/09/27 17:0以後,02-22655172,2015/9/22~2015/9/28,236新北市土城區     
【停水區域一】桃園市中壢區吉長街、吉長二街、苑平街(以上含巷道),2015/09/22 9:0至2015/09/22 17:0,2015/09/22 17:0以後,4251506,2015/9/22~2015/9/23,320桃園市中壢區     
【停水區域一】嘉義市東區圳頭里圓福街全部;林森東路300至400號含沿線巷弄;大同新村全部等附近一帶全部,2015/09/22 13:30至2015/09/22 18:30,2015/09/22 18:30以後,05-2779117,2015/9/22~2015/9/23,600嘉義市東區       
【停水區域一】桃園市觀音區新興里,2015/09/22 9:0至2015/09/22 17:0,2015/09/22 17:0以後,3862156,2015/9/22~2015/9/23,328桃園市觀音區     
【停水區域一】桃園市龜山區幸福路、幸福一　～　三十三街(含全部巷弄),2015/09/23 8:0至2015/09/24 22:0,2015/09/24 22:0以後,03-3294999,2015/9/22~2015/9/25,333桃園市龜山區     
【區域1】高雄市大社區中山路，與中山路往常盛街的方向,2015/09/22 9:0至2015/09/22 13:30 ,2015/09/22 13:30以後,,2015/9/22~2015/9/23,815高雄市大社區     
【停水區域一】新北市中和區中山路三段85號至189號單號側、民有街、民治街、民享街，以上包含巷弄全部。,2015/09/22 9:0至2015/09/22 12:0,2015/09/22 12:0以後,29612196 or 0921900055,2015/9/22~2015/9/23,235新北市中和區     
【停水區域一】台南市東山區中興南路以西(含中興南路);新東路一段以東(不含新東路一段) ;民有街;民治街;民享街,2015/09/29 8:0至2015/10/02 18:0,2015/10/02 18:0以後,06-6852135,2015/9/22~2015/10/3,733台南市東山區     
【停水區域一】台南市東山區中興南路以西(含中興南路);新東路一段以東(不含新東路一段);民有街;民治街;民享街,2015/09/23 8:0至2015/09/25 18:0,2015/09/25 18:0以後,06-6852135,2015/9/22~2015/9/26,733台南市東山區     
【停水區域一】台南市東山區中興南路以西(含中興南路);新東路一段以東(不含新東路一段) ;民有街;民治街;民享街,2015/09/29 8:0至2015/10/02 18:0,2015/10/02 18:0以後,06-6852135,2015/9/22~2015/10/3,733台南市東山區     
【停水區域一】桃園市平鎮區金陵路二段11巷、19巷、金山街,2015/09/22 9:30至2015/09/22 12:0,2015/09/22 12:0以後,4251506,2015/9/22~2015/9/23,324桃園市平鎮區     
,,,06-6852135,2015/9/22~2015/9/26,
,,,06-6852135,2015/9/22~2015/10/3,
【停水區域一】宜蘭縣冬山鄉永興路二段;鹿埔路,2015/09/22 15:0至2015/09/22 18:0,2015/09/22 18:0以後,039553098 ; 0932087863,2015/9/22~2015/9/23,269宜蘭縣冬山鄉     
【停水區域一】彰化縣竹塘鄉土庫村、竹林村、竹元村,2015/09/22 9:40至2015/09/22 12:0,2015/09/22 12:0以後,8960240,2015/9/22~2015/9/23,525彰化縣竹塘鄉     
【停水區域一】桃園市平鎮區漢口街;金星里;平安里;平南里;南勢里,2015/09/22 10:0至2015/09/22 12:0,2015/09/22 12:0以後,4789261,2015/9/22~2015/9/23,324桃園市平鎮區     
【停水區域一】嘉義縣番路鄉觸口村,2015/09/22 10:15至2015/09/22 18:0,2015/09/22 18:0以後,05-2611075,2015/9/22~2015/9/23,602嘉義縣番路鄉     
【停水區域一】台中市梧棲區永安里、永興路一段至向上路口，中華路一段東面120~360號附近一帶(含巷弄)。,2015/09/22 10:10至2015/09/22 15:30,2015/09/22 15:30以後,04-26312127,2015/9/22~2015/9/23,435台中市梧棲區     
【停水區域一】南投縣草屯鎮富寮里富頂路.股坑巷.富中路.南埔里.中正路.青宅巷.南坪路.坪頂里.南坪路.土城里.中正路.玉屏路.三層巷.二坪巷.坪林里.健行路.雙冬里.中正路.富林路一段.富頂路一段.坪頂13鄰.含巷弄.,2015/09/22 9:30至2015/09/22 14:0,2015/09/22 14:0以後,0492563505,2015/9/22~2015/9/23,542南投縣草屯鎮     
【停水區域一】台南市下營區下營區中山路2段大溪邊附近,2015/09/22 14:0至2015/09/22 17:0,2015/09/22 17:0以後,5721165,2015/9/22~2015/9/23,735台南市下營區     
【停水區域一】台南市麻豆區麻豆區龍泉里84-1號邊附近,2015/09/22 14:0至2015/09/22 17:0,2015/09/22 17:0以後,5721165,2015/9/22~2015/9/23,721台南市麻豆區     
【停水區域一】基隆市仁愛區獅球路含各巷、弄等一帶。,2015/09/22 10:30至2015/09/22 14:0,2015/09/22 14:0以後,24252103-59,2015/9/22~2015/9/23,200基隆市仁愛區     
【停水區域一】苗栗縣三灣鄉內灣村,2015/09/22 10:20至2015/09/22 12:0,2015/09/22 12:0以後,623500,2015/9/22~2015/9/23,352苗栗縣三灣鄉     
【停水區域一】台南市六甲區六甲區民權街160號前附近,2015/09/22 11:0至2015/09/22 15:0,2015/09/22 15:0以後,5721165,2015/9/22~2015/9/23,734台南市六甲區     
【停水區域一】苗栗縣苗栗市勝利里.水源里(苗栗新生地社區)全部,2015/09/22 11:0至2015/09/22 16:0,2015/09/22 16:0以後,037320335.037320334,2015/9/22~2015/9/23,360苗栗縣苗栗市     
【停水區域一】高雄市旗津區全區,2015/09/21 21:21至2015/09/22 16:0,2015/09/22 16:0以後,07-8912693,2015/9/22~2015/9/23,805高雄市旗津區     
【停水區域一】南投縣南投市嶺興路,2015/09/22 11:0至2015/09/22 14:0,2015/09/22 14:0以後,2222635,2015/9/22~2015/9/23,540南投縣南投市     
【停水區域一】新北市板橋區永豐街巷弄全部,2015/09/22 11:0至2015/09/22 13:0,2015/09/22 13:0以後,29612196 or 0921900055,2015/9/22~2015/9/23,220新北市板橋區     
【停水區域一】桃園市平鎮區金陵路五~七段、金雞湖路、快速路一段、東勢里等區域,2015/09/22 11:20至2015/09/22 16:0,2015/09/22 16:0以後,03-4251506,2015/9/22~2015/9/23,324桃園市平鎮區     
【停水區域一】彰化縣員林市大饒路341巷附近一帶,2015/09/21 22:0至2015/09/22 14:0,2015/09/22 14:0以後,1910   員林營運所04-8320083   04-8321341,2015/9/22~2015/9/23,彰化縣員林市        
【停水區域一】彰化縣社頭鄉永興路,2015/09/22 11:15至2015/09/22 13:0,2015/09/22 13:0以後,04-8793211,2015/9/22~2015/9/23,511彰化縣社頭鄉     
【停水區域一】新北市五股區水碓路  水碓一路  三路  五路  七路  九路  貿商巷  登林路81號之前,2015/09/24 11:0至2015/09/24 20:0,2015/09/24 20:0以後,1910,2015/9/22~2015/9/25,248新北市五股區     
【停水區域一】屏東縣高樹鄉南華村;三民路;世界巷;大同巷.光復巷,2015/09/22 10:0至2015/09/22 13:30,2015/09/22 13:30以後,087963973,2015/9/22~2015/9/23,906屏東縣高樹鄉     
【停水區域一】台中市南屯區保安二街;向上路三段;保安一街;保安三街;保安五街;保安六街;寶山一街;寶山二街;寶山五街;寶山六街;文山三街;文山五街;文山九街;文山十街 等附近,2015/09/22 11:40至2015/09/22 13:40,2015/09/22 13:40以後,22442469-1910,2015/9/22~2015/9/23,408台中市南屯區     
【區域1】台中市清水區民享五街全部,2015/09/22 13:0至2015/09/22 16:0 ,2015/09/22 16:0以後,0426222614,2015/9/22~2015/9/23,436台中市清水區     
【停水區域一】宜蘭縣蘇澳鎮新城路(客服電話1910;廣興給水廠服務電話9553098),2015/09/22 13:0至2015/09/22 16:0,2015/09/22 16:0以後,0937849872,2015/9/22~2015/9/23,270宜蘭縣蘇澳鎮     
【停水區域一】台中市北區中華路二段;大誠街;大湖街;太平路;精武路;文祥街;柳川西路四段;柳川東路四段;公園路;三民路三段 等附近,2015/09/22 11:53至2015/09/22 15:53,2015/09/22 15:53以後,22442469-1910,2015/9/22~2015/9/23,404台中市北區       
【停水區域一】屏東縣佳冬鄉全部村里;屏東縣枋山鄉全部村里;屏東縣枋寮鄉全部村里;屏東縣東港鎮全部村里;屏東縣林邊鄉全部村里;屏東縣南州鄉全部村里;屏東縣春日鄉古華村;屏東縣崁頂鄉全部村里;屏東縣琉球鄉全部村里;屏東縣新園鄉全部村里;屏東縣獅子鄉全部村里,2015/09/22 21:0至2015/09/23 6:0,2015/09/23 6:0以後,08-8325550,2015/9/22~2015/9/24,931屏東縣佳冬鄉     941屏東縣枋山鄉     940屏東縣枋寮鄉     928屏東縣東港鎮     927屏東縣林邊鄉     926屏東縣南州鄉     942屏東縣春日鄉     924屏東縣崁頂鄉     929屏東縣琉球鄉     932屏東縣新園鄉     943屏東縣獅子鄉     
【停水區域一】台中市潭子區民生街,2015/09/22 12:5至2015/09/22 16:0,2015/09/22 16:0以後,04-25262721分機23,2015/9/22~2015/9/23,427台中市潭子區     
